target_id	length	eff_length	est_counts	tpm
gene_1|GeneMark.hmm|1029_nt|-|734|1762	1029	784.501	0	0
gene_2|GeneMark.hmm|741_nt|-|3862|4602	741	499.542	7	232.839
gene_3|GeneMark.hmm|330_nt|-|6989|7318	330	155.174	2	214.16
gene_4|GeneMark.hmm|684_nt|-|7479|8162	684	446.891	2	74.3631
gene_5|GeneMark.hmm|312_nt|-|8559|8870	312	141.198	4	470.716
gene_6|GeneMark.hmm|405_nt|+|9205|9609	405	213.088	0	0
gene_7|GeneMark.hmm|675_nt|+|9928|10602	675	438.649	3	113.64
gene_8|GeneMark.hmm|1443_nt|+|10748|12190	1443	1198.5	0	0
gene_9|GeneMark.hmm|486_nt|-|14683|15168	486	276.125	30	1805.28
gene_10|GeneMark.hmm|1122_nt|-|16447|17568	1122	877.501	32	605.942
gene_11|GeneMark.hmm|597_nt|+|18305|18901	597	367.515	17	768.605
gene_12|GeneMark.hmm|1032_nt|-|19938|20969	1032	787.501	5	105.499
gene_13|GeneMark.hmm|960_nt|+|21086|22045	960	715.501	7	162.561
gene_14|GeneMark.hmm|483_nt|-|22360|22842	483	273.877	2	121.34
gene_15|GeneMark.hmm|1290_nt|+|22946|24235	1290	1045.5	4	63.5718
gene_16|GeneMark.hmm|942_nt|-|24358|25299	942	697.501	21	500.268
gene_17|GeneMark.hmm|1875_nt|+|26326|28200	1875	1630.5	23	234.388
gene_18|GeneMark.hmm|387_nt|-|28668|29054	387	198.774	4	334.371
gene_19|GeneMark.hmm|1827_nt|+|29143|30969	1827	1582.5	4	41.9996
gene_20|GeneMark.hmm|624_nt|+|31043|31666	624	392.463	3	127.014
gene_21|GeneMark.hmm|1062_nt|-|31907|32968	1062	817.501	2	40.6509
gene_22|GeneMark.hmm|1278_nt|-|33043|34320	1278	1033.5	1	16.0775
gene_23|GeneMark.hmm|357_nt|+|34945|35301	357	176.118	45	4245.59
gene_24|GeneMark.hmm|2421_nt|-|35501|37921	2421	2176.5	37	282.469
gene_25|GeneMark.hmm|624_nt|-|38093|38716	624	392.463	0	0
gene_26|GeneMark.hmm|417_nt|-|39396|39812	417	222.727	9	671.427
gene_27|GeneMark.hmm|2268_nt|-|40214|42481	2268	2023.5	21	172.443
gene_28|GeneMark.hmm|330_nt|+|42588|42917	330	155.174	1	107.08
gene_29|GeneMark.hmm|2535_nt|-|43048|45582	2535	2290.5	5	36.2717
gene_30|GeneMark.hmm|831_nt|+|45670|46500	831	587.369	12	339.468
gene_31|GeneMark.hmm|321_nt|+|46592|46912	321	148.121	0	0
gene_32|GeneMark.hmm|1722_nt|-|47033|48754	1722	1477.5	1	11.2461
gene_33|GeneMark.hmm|2667_nt|+|48872|51538	2667	2422.5	9	61.7316
gene_34|GeneMark.hmm|741_nt|-|51424|52164	741	499.542	0	0
gene_35|GeneMark.hmm|558_nt|+|52256|52813	558	334.168	0	0
gene_36|GeneMark.hmm|1347_nt|-|53124|54470	1347	1102.5	1	15.0713
gene_37|GeneMark.hmm|1737_nt|-|54598|56334	1737	1492.5	5	55.6652
gene_38|GeneMark.hmm|540_nt|-|56398|56937	540	318.9	74	3855.73
gene_39|GeneMark.hmm|1545_nt|-|57158|58702	1545	1300.5	47	600.504
gene_40|GeneMark.hmm|1386_nt|-|59373|60758	1386	1141.5	3	43.669
gene_41|GeneMark.hmm|1152_nt|+|60976|62127	1152	907.501	7	128.168
gene_42|GeneMark.hmm|3129_nt|+|62231|65359	3129	2884.5	18	103.688
gene_43|GeneMark.hmm|891_nt|-|65476|66366	891	646.762	2	51.3824
gene_44|GeneMark.hmm|4467_nt|+|66574|71040	4467	4222.5	63	247.913
gene_45|GeneMark.hmm|657_nt|+|71262|71918	657	422.602	16	629.097
gene_46|GeneMark.hmm|648_nt|+|72247|72894	648	414.278	0	0
gene_47|GeneMark.hmm|480_nt|+|73005|73484	480	271.385	0	0
gene_48|GeneMark.hmm|891_nt|+|73706|74596	891	646.762	120	3082.94
gene_49|GeneMark.hmm|891_nt|+|74723|75613	891	646.762	2	51.3824
gene_50|GeneMark.hmm|420_nt|-|75616|76035	420	224.639	4	295.871
gene_51|GeneMark.hmm|543_nt|+|76184|76726	543	321.631	14	723.268
gene_52|GeneMark.hmm|1422_nt|+|76792|78213	1422	1177.5	15	211.67
gene_53|GeneMark.hmm|2730_nt|+|78337|81066	2730	2485.5	33	220.612
gene_54|GeneMark.hmm|954_nt|-|81182|82135	954	709.501	125	2927.42
gene_55|GeneMark.hmm|633_nt|-|82228|82860	633	401.057	23	952.906
gene_56|GeneMark.hmm|531_nt|-|82930|83460	531	311.76	1	53.2977
gene_57|GeneMark.hmm|2424_nt|+|83752|86175	2424	2179.5	5	38.119
gene_58|GeneMark.hmm|567_nt|+|86997|87563	567	341.832	0	0
gene_59|GeneMark.hmm|501_nt|+|87684|88184	501	288.399	0	0
gene_60|GeneMark.hmm|588_nt|-|88299|88886	588	360.009	1	46.1547
gene_61|GeneMark.hmm|1224_nt|-|88962|90185	1224	979.501	47	797.3
gene_62|GeneMark.hmm|528_nt|+|90678|91205	528	309.549	16	858.854
gene_63|GeneMark.hmm|483_nt|+|92473|92955	483	273.877	1	60.6699
gene_64|GeneMark.hmm|525_nt|+|93033|93557	525	306.941	0	0
gene_65|GeneMark.hmm|960_nt|-|93827|94786	960	715.501	10	232.23
gene_66|GeneMark.hmm|1023_nt|-|95080|96102	1023	778.501	1	21.3437
gene_67|GeneMark.hmm|780_nt|-|96805|97584	780	537.466	23	711.058
gene_68|GeneMark.hmm|453_nt|+|97693|98145	453	249.985	8	531.746
gene_69|GeneMark.hmm|360_nt|-|98398|98757	360	178.022	0	0
gene_70|GeneMark.hmm|720_nt|+|99283|100002	720	480.053	3	103.839
gene_71|GeneMark.hmm|339_nt|-|100530|100868	339	161.702	0	0
gene_72|GeneMark.hmm|1029_nt|+|101083|102111	1029	784.501	1	21.1804
gene_73|GeneMark.hmm|537_nt|+|102435|102971	537	316.634	0	0
gene_74|GeneMark.hmm|723_nt|-|102973|103695	723	482.621	1	34.4289
gene_75|GeneMark.hmm|1548_nt|-|103815|105362	1548	1303.5	0	0
gene_76|GeneMark.hmm|588_nt|-|105485|106072	588	360.009	0	0
gene_77|GeneMark.hmm|873_nt|+|106349|107221	873	628.951	3	79.2562
gene_78|GeneMark.hmm|1821_nt|-|107265|109085	1821	1576.5	21	221.337
gene_79|GeneMark.hmm|1185_nt|-|109162|110346	1185	940.501	17	300.344
gene_80|GeneMark.hmm|1149_nt|-|110722|111870	1149	904.501	7	128.593
gene_81|GeneMark.hmm|393_nt|-|111922|112314	393	203.644	0	0
gene_82|GeneMark.hmm|390_nt|-|112409|112798	390	201.344	0	0
gene_83|GeneMark.hmm|1497_nt|-|112913|114409	1497	1252.5	0	0
gene_84|GeneMark.hmm|1089_nt|-|114506|115594	1089	844.501	3	59.0269
gene_85|GeneMark.hmm|360_nt|+|115854|116213	360	178.022	5	466.687
gene_86|GeneMark.hmm|603_nt|-|116255|116857	603	372.945	1	44.5537
gene_87|GeneMark.hmm|420_nt|+|117321|117740	420	224.639	1	73.9678
gene_88|GeneMark.hmm|1149_nt|-|117751|118899	1149	904.501	3	55.1113
gene_89|GeneMark.hmm|1827_nt|-|119023|120849	1827	1582.5	4	41.9996
gene_90|GeneMark.hmm|1104_nt|-|120989|122092	1104	859.501	93.2939	1803.58
gene_91|GeneMark.hmm|945_nt|-|122574|123518	945	700.501	182.706	4333.84
gene_92|GeneMark.hmm|1263_nt|-|123670|124932	1263	1018.5	0	0
gene_93|GeneMark.hmm|1848_nt|+|125079|126926	1848	1603.5	0	0
gene_94|GeneMark.hmm|558_nt|-|126944|127501	558	334.168	1	49.7237
gene_95|GeneMark.hmm|1359_nt|+|127594|128952	1359	1114.5	13	193.817
gene_96|GeneMark.hmm|327_nt|-|128953|129279	327	152.691	0	0
gene_97|GeneMark.hmm|417_nt|-|129357|129773	417	222.727	2	149.206
gene_98|GeneMark.hmm|1239_nt|+|129853|131091	1239	994.501	3	50.1239
gene_99|GeneMark.hmm|3012_nt|-|131088|134099	3012	2767.5	6	36.024
gene_100|GeneMark.hmm|945_nt|+|134187|135131	945	700.501	0	0
gene_101|GeneMark.hmm|417_nt|+|135172|135588	417	222.727	0	0
gene_102|GeneMark.hmm|642_nt|-|135589|136230	642	408.82	1	40.644
gene_103|GeneMark.hmm|642_nt|-|136265|136906	642	408.82	0	0
gene_104|GeneMark.hmm|681_nt|-|136975|137655	681	444.25	4	149.61
gene_105|GeneMark.hmm|1239_nt|+|137742|138980	1239	994.501	0	0
gene_106|GeneMark.hmm|2964_nt|-|139049|142012	2964	2719.5	132	806.517
gene_107|GeneMark.hmm|1512_nt|+|142103|143614	1512	1267.5	7	91.7653
gene_108|GeneMark.hmm|606_nt|+|143723|144328	606	375.716	5	221.126
gene_109|GeneMark.hmm|708_nt|-|144620|145327	708	468.29	13	461.272
gene_110|GeneMark.hmm|480_nt|+|145414|145893	480	271.385	0	0
gene_111|GeneMark.hmm|1386_nt|+|145962|147347	1386	1141.5	10	145.563
gene_112|GeneMark.hmm|630_nt|+|147383|148012	630	398.22	1	41.7258
gene_113|GeneMark.hmm|645_nt|-|148016|148660	645	411.487	0	0
gene_114|GeneMark.hmm|498_nt|+|148762|149259	498	285.74	2	116.302
gene_115|GeneMark.hmm|600_nt|-|149376|149975	600	370.25	2	89.7561
gene_116|GeneMark.hmm|1797_nt|+|150056|151852	1797	1552.5	6	64.2167
gene_117|GeneMark.hmm|312_nt|-|151937|152248	312	141.198	1	117.679
gene_118|GeneMark.hmm|843_nt|-|152729|153571	843	599.192	3	83.1925
gene_119|GeneMark.hmm|1920_nt|-|153899|155818	1920	1675.5	13	128.922
gene_120|GeneMark.hmm|312_nt|-|155904|156215	312	141.198	1	117.679
gene_121|GeneMark.hmm|678_nt|+|156413|157090	678	441.339	1	37.6493
gene_122|GeneMark.hmm|1302_nt|-|157171|158472	1302	1057.5	0	0
gene_123|GeneMark.hmm|702_nt|-|158556|159257	702	462.477	2	71.8569
gene_124|GeneMark.hmm|330_nt|-|159537|159866	330	155.174	3	321.241
gene_125|GeneMark.hmm|1869_nt|-|160007|161875	1869	1624.5	15	153.426
gene_126|GeneMark.hmm|1416_nt|+|162083|163498	1416	1171.5	0	0
gene_127|GeneMark.hmm|762_nt|+|163491|164252	762	519.78	0	0
gene_128|GeneMark.hmm|639_nt|-|164257|164895	639	406.276	7	286.29
gene_129|GeneMark.hmm|1266_nt|+|166755|168020	1266	1021.5	1	16.2663
gene_130|GeneMark.hmm|1227_nt|-|168095|169321	1227	982.501	7	118.384
gene_131|GeneMark.hmm|612_nt|+|169771|170382	612	381.213	1	43.5874
gene_132|GeneMark.hmm|744_nt|+|171352|172095	744	502.542	385	12729.7
gene_133|GeneMark.hmm|1755_nt|+|172232|173986	1755	1510.5	4	44.0015
gene_134|GeneMark.hmm|309_nt|+|174048|174356	309	139.13	0	0
gene_135|GeneMark.hmm|939_nt|-|174364|175302	939	694.501	2	47.8504
gene_136|GeneMark.hmm|327_nt|-|175576|175902	327	152.691	0	0
gene_137|GeneMark.hmm|1200_nt|-|176055|177254	1200	955.501	4	69.5597
gene_138|GeneMark.hmm|6351_nt|-|177334|183684	6351	6106.5	16	43.5368
gene_139|GeneMark.hmm|555_nt|+|183806|184360	555	331.585	2	100.222
gene_140|GeneMark.hmm|849_nt|+|184413|185261	849	605.072	3	82.3839
gene_141|GeneMark.hmm|699_nt|+|185350|186048	699	459.939	0	0
gene_142|GeneMark.hmm|1572_nt|+|186120|187691	1572	1327.5	4	50.0673
gene_143|GeneMark.hmm|630_nt|+|187713|188342	630	398.22	8	333.807
gene_144|GeneMark.hmm|4395_nt|+|188494|192888	4395	4150.5	32	128.109
gene_145|GeneMark.hmm|375_nt|-|192890|193264	375	189.734	0	0
gene_146|GeneMark.hmm|906_nt|+|193364|194269	906	661.568	52	1306.04
gene_147|GeneMark.hmm|2172_nt|+|194368|196539	2172	1927.5	1	8.62053
gene_148|GeneMark.hmm|321_nt|+|196657|196977	321	148.121	2	224.359
gene_149|GeneMark.hmm|732_nt|+|197058|197789	732	491.085	3	101.506
gene_150|GeneMark.hmm|1488_nt|+|197832|199319	1488	1243.5	4	53.4494
gene_151|GeneMark.hmm|1152_nt|-|199352|200503	1152	907.501	7	128.168
gene_152|GeneMark.hmm|3966_nt|-|200845|204810	3966	3721.5	4	17.8596
gene_153|GeneMark.hmm|5511_nt|-|204908|210418	5511	5266.5	11	34.7056
gene_154|GeneMark.hmm|756_nt|+|210513|211268	756	513.985	0	0
gene_155|GeneMark.hmm|1155_nt|+|211335|212489	1155	910.501	0	0
gene_156|GeneMark.hmm|1353_nt|+|212533|213885	1353	1108.5	0	0
gene_157|GeneMark.hmm|1356_nt|+|213927|215282	1356	1111.5	2	29.8985
gene_158|GeneMark.hmm|1059_nt|-|215290|216348	1059	814.501	7	142.802
gene_159|GeneMark.hmm|2088_nt|+|216527|218614	2088	1843.5	202	1820.69
gene_160|GeneMark.hmm|771_nt|-|218627|219397	771	528.519	6	188.634
gene_161|GeneMark.hmm|627_nt|-|219449|220075	627	395.382	0	0
gene_162|GeneMark.hmm|1248_nt|+|220183|221430	1248	1003.5	5	82.7906
gene_163|GeneMark.hmm|717_nt|-|221803|222519	717	477.101	10	348.272
gene_164|GeneMark.hmm|1254_nt|-|222579|223832	1254	1009.5	10	164.597
gene_165|GeneMark.hmm|1464_nt|-|223978|225441	1464	1219.5	14.3574	195.624
gene_166|GeneMark.hmm|1080_nt|-|225353|226432	1080	835.501	33.6426	669.069
gene_167|GeneMark.hmm|864_nt|-|226510|227373	864	619.951	10	268.023
gene_168|GeneMark.hmm|702_nt|+|227462|228163	702	462.477	5	179.642
gene_169|GeneMark.hmm|498_nt|-|228508|229005	498	285.74	77	4477.63
gene_170|GeneMark.hmm|804_nt|+|229164|229967	804	560.653	11	326.007
gene_171|GeneMark.hmm|618_nt|+|230025|230642	618	386.82	0	0
gene_172|GeneMark.hmm|330_nt|-|230658|230987	330	155.174	5	535.401
gene_173|GeneMark.hmm|771_nt|-|231688|232458	771	528.519	217	6822.25
gene_174|GeneMark.hmm|1005_nt|-|232533|233537	1005	760.501	0	0
gene_175|GeneMark.hmm|3912_nt|-|233887|237798	3912	3667.5	9	40.7757
gene_176|GeneMark.hmm|306_nt|-|237888|238193	306	136.867	1	121.403
gene_177|GeneMark.hmm|1905_nt|+|238336|240240	1905	1660.5	22	220.147
gene_178|GeneMark.hmm|1464_nt|+|240281|241744	1464	1219.5	22	299.757
gene_179|GeneMark.hmm|807_nt|+|241814|242620	807	563.653	0	0
gene_180|GeneMark.hmm|1473_nt|+|243216|244688	1473	1228.5	13	175.831
gene_181|GeneMark.hmm|468_nt|-|244692|245159	468	261.488	4	254.178
gene_182|GeneMark.hmm|786_nt|+|245577|246362	786	543.037	1	30.5984
gene_183|GeneMark.hmm|792_nt|+|246298|247089	792	548.875	1	30.273
gene_184|GeneMark.hmm|2514_nt|-|247112|249625	2514	2269.5	18	131.786
gene_185|GeneMark.hmm|372_nt|-|250021|250392	372	187.352	0	0
gene_186|GeneMark.hmm|1152_nt|+|250800|251951	1152	907.501	16	292.955
gene_187|GeneMark.hmm|489_nt|-|252563|253051	489	278.672	0	0
gene_188|GeneMark.hmm|834_nt|+|253124|253957	834	590.31	8	225.184
gene_189|GeneMark.hmm|918_nt|-|254278|255195	918	673.568	0	0
gene_190|GeneMark.hmm|885_nt|-|255302|256186	885	640.825	6	155.575
gene_191|GeneMark.hmm|498_nt|-|256363|256860	498	285.74	0	0
gene_192|GeneMark.hmm|966_nt|-|257436|258401	966	721.501	8	184.239
gene_193|GeneMark.hmm|558_nt|+|258922|259479	558	334.168	1	49.7237
gene_194|GeneMark.hmm|963_nt|+|259557|260519	963	718.501	1	23.126
gene_195|GeneMark.hmm|1938_nt|-|260534|262471	1938	1693.5	13	127.552
gene_196|GeneMark.hmm|717_nt|+|262864|263580	717	477.101	3	104.482
gene_197|GeneMark.hmm|1215_nt|+|264121|265335	1215	970.501	0	0
gene_198|GeneMark.hmm|1308_nt|+|265401|266708	1308	1063.5	7	109.368
gene_199|GeneMark.hmm|822_nt|+|266787|267608	822	578.426	3	86.1791
gene_200|GeneMark.hmm|531_nt|+|267767|268297	531	311.76	0	0
gene_201|GeneMark.hmm|975_nt|-|268318|269292	975	730.501	4.07147	92.6102
gene_202|GeneMark.hmm|981_nt|-|269341|270321	981	736.501	11	248.169
gene_203|GeneMark.hmm|420_nt|+|270422|270841	420	224.639	0	0
gene_204|GeneMark.hmm|555_nt|+|270894|271448	555	331.585	5	250.556
gene_205|GeneMark.hmm|906_nt|+|271524|272429	906	661.568	0	0
gene_206|GeneMark.hmm|1068_nt|+|272517|273584	1068	823.501	40	807.095
gene_207|GeneMark.hmm|444_nt|+|273656|274099	444	243.033	0	0
gene_208|GeneMark.hmm|441_nt|+|274146|274586	441	240.744	4	276.079
gene_209|GeneMark.hmm|510_nt|-|274595|275104	510	294.795	0	0
gene_210|GeneMark.hmm|987_nt|+|276021|277007	987	742.501	55	1230.82
gene_211|GeneMark.hmm|693_nt|-|277008|277700	693	454.26	2	73.1567
gene_212|GeneMark.hmm|450_nt|+|277803|278252	450	247.515	0	0
gene_213|GeneMark.hmm|789_nt|+|278357|279145	789	545.929	0	0
gene_214|GeneMark.hmm|906_nt|+|279458|280363	906	661.568	18	452.092
gene_215|GeneMark.hmm|465_nt|+|280846|281310	465	259.294	0	0
gene_216|GeneMark.hmm|1305_nt|-|281342|282646	1305	1060.5	0	0
gene_217|GeneMark.hmm|414_nt|-|283226|283639	414	220.216	0	0
gene_218|GeneMark.hmm|738_nt|+|283741|284478	738	496.691	0	0
gene_219|GeneMark.hmm|603_nt|+|284592|285194	603	372.945	1	44.5537
gene_220|GeneMark.hmm|1173_nt|+|285291|286463	1173	928.501	1	17.8956
gene_221|GeneMark.hmm|432_nt|+|286772|287203	432	233.951	1	71.0238
gene_222|GeneMark.hmm|1836_nt|+|287625|289460	1836	1591.5	3	31.3215
gene_223|GeneMark.hmm|396_nt|+|289533|289928	396	205.965	4	322.697
gene_224|GeneMark.hmm|942_nt|+|290243|291184	942	697.501	0	0
gene_225|GeneMark.hmm|756_nt|+|291254|292009	756	513.985	0	0
gene_226|GeneMark.hmm|1461_nt|-|292061|293521	1461	1216.5	0	0
gene_227|GeneMark.hmm|1269_nt|+|293571|294839	1269	1024.5	0	0
gene_228|GeneMark.hmm|3003_nt|-|294865|297867	3003	2758.5	0	0
gene_229|GeneMark.hmm|1212_nt|+|298029|299240	1212	967.501	73	1253.72
gene_230|GeneMark.hmm|579_nt|-|299237|299815	579	352.107	74	3492.09
gene_231|GeneMark.hmm|564_nt|-|299960|300523	564	339.221	117	5731.02
gene_232|GeneMark.hmm|1005_nt|-|300575|301579	1005	760.501	410.929	8978.32
gene_233|GeneMark.hmm|1863_nt|-|301657|303519	1863	1618.5	0	0
gene_234|GeneMark.hmm|1269_nt|+|303565|304833	1269	1024.5	5	81.0935
gene_235|GeneMark.hmm|1230_nt|+|304967|306196	1230	985.501	23	387.793
gene_236|GeneMark.hmm|1233_nt|-|306339|307571	1233	988.501	15	252.141
gene_237|GeneMark.hmm|873_nt|+|308022|308894	873	628.951	3	79.2562
gene_238|GeneMark.hmm|624_nt|+|308956|309579	624	392.463	0	0
gene_239|GeneMark.hmm|522_nt|+|310018|310539	522	304.59	0	0
gene_240|GeneMark.hmm|600_nt|-|310627|311226	600	370.25	0	0
gene_241|GeneMark.hmm|561_nt|+|311421|311981	561	336.924	4	197.268
gene_242|GeneMark.hmm|357_nt|+|312194|312550	357	176.118	12	1132.16
gene_243|GeneMark.hmm|3168_nt|+|313330|316497	3168	2923.5	4	22.7345
gene_244|GeneMark.hmm|357_nt|+|316618|316974	357	176.118	1	94.3464
gene_245|GeneMark.hmm|462_nt|-|316964|317425	462	256.865	9	582.191
gene_246|GeneMark.hmm|954_nt|-|317551|318504	954	709.501	2	46.8388
gene_247|GeneMark.hmm|393_nt|-|318612|319004	393	203.644	12	979.124
gene_248|GeneMark.hmm|1089_nt|-|319517|320605	1089	844.501	12	236.107
gene_249|GeneMark.hmm|300_nt|+|320705|321004	300	132.651	3	375.784
gene_250|GeneMark.hmm|600_nt|-|321318|321917	600	370.25	0	0
gene_251|GeneMark.hmm|591_nt|+|321986|322576	591	362.526	1	45.8341
gene_252|GeneMark.hmm|462_nt|-|322633|323094	462	256.865	0	0
gene_253|GeneMark.hmm|507_nt|+|323169|323675	507	292.962	224	12704.7
gene_254|GeneMark.hmm|885_nt|-|323815|324699	885	640.825	10	259.292
gene_255|GeneMark.hmm|822_nt|+|324777|325598	822	578.426	0	0
gene_256|GeneMark.hmm|408_nt|+|325757|326164	408	215.411	0	0
gene_257|GeneMark.hmm|432_nt|-|326496|326927	432	233.951	1	71.0238
gene_258|GeneMark.hmm|783_nt|+|327126|327908	783	540.145	0	0
gene_259|GeneMark.hmm|762_nt|+|328130|328891	762	519.78	3	95.9026
gene_260|GeneMark.hmm|1314_nt|-|328912|330225	1314	1069.5	0	0
gene_261|GeneMark.hmm|687_nt|-|330275|330961	687	449.35	4	147.912
gene_262|GeneMark.hmm|879_nt|-|331099|331977	879	634.825	58	1518.11
gene_263|GeneMark.hmm|966_nt|-|332144|333109	966	721.501	172	3961.14
gene_264|GeneMark.hmm|864_nt|-|333170|334033	864	619.951	1	26.8023
gene_265|GeneMark.hmm|1650_nt|+|334119|335768	1650	1405.5	12	141.866
gene_266|GeneMark.hmm|345_nt|-|335761|336105	345	166.5	0	0
gene_267|GeneMark.hmm|639_nt|-|336163|336801	639	406.276	6	245.391
gene_268|GeneMark.hmm|1260_nt|-|336843|338102	1260	1015.5	1	16.3624
gene_269|GeneMark.hmm|1098_nt|+|338232|339329	1098	853.501	4	77.8726
gene_270|GeneMark.hmm|609_nt|-|341026|341634	609	378.561	1	43.8927
gene_271|GeneMark.hmm|966_nt|-|341717|342682	966	721.501	8	184.239
gene_272|GeneMark.hmm|1011_nt|+|342776|343786	1011	766.501	4	86.7113
gene_273|GeneMark.hmm|852_nt|-|343791|344642	852	608.072	6	163.955
gene_274|GeneMark.hmm|303_nt|-|345165|345467	303	134.963	0	0
gene_275|GeneMark.hmm|2946_nt|+|345543|348488	2946	2701.5	32	196.822
gene_276|GeneMark.hmm|1704_nt|+|348569|350272	1704	1459.5	35	398.467
gene_277|GeneMark.hmm|501_nt|-|351436|351936	501	288.399	25	1440.37
gene_278|GeneMark.hmm|831_nt|-|352284|353114	831	587.369	7	198.023
gene_279|GeneMark.hmm|369_nt|-|353584|353952	369	185.214	1	89.7127
gene_280|GeneMark.hmm|648_nt|-|354408|355055	648	414.278	28	1123.04
gene_281|GeneMark.hmm|555_nt|-|355610|356164	555	331.585	0	0
gene_282|GeneMark.hmm|1800_nt|+|356258|358057	1800	1555.5	2	21.3643
gene_283|GeneMark.hmm|603_nt|-|358054|358656	603	372.945	4	178.215
gene_284|GeneMark.hmm|498_nt|-|358727|359224	498	285.74	0	0
gene_285|GeneMark.hmm|867_nt|-|359304|360170	867	622.951	9	240.059
gene_286|GeneMark.hmm|618_nt|-|360227|360844	618	386.82	0	0
gene_287|GeneMark.hmm|396_nt|-|361039|361434	396	205.965	45	3630.34
gene_288|GeneMark.hmm|825_nt|-|361835|362659	825	581.369	8	228.648
gene_289|GeneMark.hmm|327_nt|+|362745|363071	327	152.691	0	0
gene_290|GeneMark.hmm|474_nt|+|363225|363698	474	266.213	8	499.333
gene_291|GeneMark.hmm|1482_nt|-|363701|365182	1482	1237.5	0	0
gene_292|GeneMark.hmm|447_nt|-|365292|365738	447	245.372	0	0
gene_293|GeneMark.hmm|993_nt|-|365831|366823	993	748.501	8	177.593
gene_294|GeneMark.hmm|324_nt|+|366945|367268	324	150.615	0	0
gene_295|GeneMark.hmm|561_nt|+|367353|367913	561	336.924	0	0
gene_296|GeneMark.hmm|753_nt|-|367914|368666	753	511.036	0	0
gene_297|GeneMark.hmm|2268_nt|-|368772|371039	2268	2023.5	11	90.3271
gene_298|GeneMark.hmm|3798_nt|+|371162|374959	3798	3553.5	40	187.039
gene_299|GeneMark.hmm|1479_nt|+|375063|376541	1479	1234.5	2	26.9195
gene_300|GeneMark.hmm|1620_nt|+|376626|378245	1620	1375.5	0	0
gene_301|GeneMark.hmm|3333_nt|+|378283|381615	3333	3088.5	19	102.22
gene_302|GeneMark.hmm|1155_nt|-|381982|383136	1155	910.501	0	0
gene_303|GeneMark.hmm|4926_nt|-|383391|388316	4926	4681.5	22	78.0848
gene_304|GeneMark.hmm|825_nt|-|388586|389410	825	581.369	11	314.391
gene_305|GeneMark.hmm|2169_nt|-|389678|391846	2169	1924.5	35	302.189
gene_306|GeneMark.hmm|1083_nt|+|391990|393072	1083	838.501	14	277.43
gene_307|GeneMark.hmm|2853_nt|-|393069|395921	2853	2608.5	30	191.099
gene_308|GeneMark.hmm|1791_nt|-|396096|397886	1791	1546.5	18	193.398
gene_309|GeneMark.hmm|3534_nt|-|398042|401575	3534	3289.5	933.507	4715.38
gene_310|GeneMark.hmm|696_nt|-|401701|402396	696	457.169	7	254.419
gene_311|GeneMark.hmm|780_nt|-|402575|403354	780	537.466	1	30.9156
gene_312|GeneMark.hmm|2226_nt|-|403533|405758	2226	1981.5	183	1534.57
gene_313|GeneMark.hmm|1293_nt|-|405766|407058	1293	1048.5	3	47.5424
gene_314|GeneMark.hmm|975_nt|-|407109|408083	975	730.501	7	159.223
gene_315|GeneMark.hmm|1923_nt|-|408301|410223	1923	1678.5	1	9.89936
gene_316|GeneMark.hmm|537_nt|+|410354|410890	537	316.634	232	12174.7
gene_317|GeneMark.hmm|648_nt|-|411064|411711	648	414.278	5	200.543
gene_318|GeneMark.hmm|621_nt|-|411759|412379	621	389.583	3	127.953
gene_319|GeneMark.hmm|309_nt|-|412457|412765	309	139.13	18	2149.71
gene_320|GeneMark.hmm|4971_nt|-|412915|417885	4971	4726.5	421	1480.03
gene_321|GeneMark.hmm|2811_nt|-|417944|420754	2811	2566.5	44	284.866
gene_322|GeneMark.hmm|1911_nt|+|421176|423086	1911	1666.5	55	548.385
gene_323|GeneMark.hmm|660_nt|-|423578|424237	660	425.044	3	117.278
gene_324|GeneMark.hmm|993_nt|-|424278|425270	993	748.501	0	0
gene_325|GeneMark.hmm|624_nt|-|425308|425931	624	392.463	2	84.676
gene_326|GeneMark.hmm|441_nt|-|426224|426664	441	240.744	14	966.278
gene_327|GeneMark.hmm|978_nt|-|427060|428037	978	733.501	0	0
gene_328|GeneMark.hmm|1461_nt|+|428144|429604	1461	1216.5	20	273.178
gene_329|GeneMark.hmm|396_nt|-|429617|430012	396	205.965	0	0
gene_330|GeneMark.hmm|1269_nt|+|430123|431391	1269	1024.5	6	97.3123
gene_331|GeneMark.hmm|348_nt|-|431464|431811	348	168.91	6	590.236
gene_332|GeneMark.hmm|2301_nt|-|431964|434264	2301	2056.5	40	323.191
gene_333|GeneMark.hmm|903_nt|+|434453|435355	903	658.568	6	151.384
gene_334|GeneMark.hmm|1071_nt|-|435370|436440	1071	826.501	3	60.3124
gene_335|GeneMark.hmm|654_nt|+|436845|437498	654	419.687	0	0
gene_336|GeneMark.hmm|2490_nt|+|437819|440308	2490	2245.5	21	155.394
gene_337|GeneMark.hmm|381_nt|-|440314|440694	381	194.068	1	85.62
gene_338|GeneMark.hmm|1047_nt|-|440999|442045	1047	802.501	2	41.4107
gene_339|GeneMark.hmm|1626_nt|-|442203|443828	1626	1381.5	6	72.1654
gene_340|GeneMark.hmm|717_nt|-|443924|444640	717	477.101	5	174.136
gene_341|GeneMark.hmm|1197_nt|-|444734|445930	1197	952.501	122	2128.25
gene_342|GeneMark.hmm|603_nt|-|446092|446694	603	372.945	34	1514.82
gene_343|GeneMark.hmm|588_nt|-|446754|447341	588	360.009	1	46.1547
gene_344|GeneMark.hmm|789_nt|+|447443|448231	789	545.929	4	121.745
gene_345|GeneMark.hmm|393_nt|+|448269|448661	393	203.644	166	13544.5
gene_346|GeneMark.hmm|1062_nt|+|448745|449806	1062	817.501	1	20.3255
gene_347|GeneMark.hmm|621_nt|+|449888|450508	621	389.583	1	42.651
gene_348|GeneMark.hmm|393_nt|+|450574|450966	393	203.644	0	0
gene_349|GeneMark.hmm|807_nt|-|451040|451846	807	563.653	0	0
gene_350|GeneMark.hmm|468_nt|-|451912|452379	468	261.488	0	0
gene_351|GeneMark.hmm|1917_nt|+|452444|454360	1917	1672.5	2	19.8697
gene_352|GeneMark.hmm|552_nt|+|454435|454986	552	328.929	1	50.5158
gene_353|GeneMark.hmm|1161_nt|+|455093|456253	1161	916.501	101	1831.12
gene_354|GeneMark.hmm|687_nt|+|457067|457753	687	449.35	7	258.846
gene_355|GeneMark.hmm|627_nt|+|458019|458645	627	395.382	3	126.076
gene_356|GeneMark.hmm|3531_nt|+|458758|462288	3531	3286.5	47	237.625
gene_357|GeneMark.hmm|942_nt|-|462469|463410	942	697.501	1	23.8223
gene_358|GeneMark.hmm|1350_nt|+|463609|464958	1350	1105.5	0	0
gene_359|GeneMark.hmm|1335_nt|+|465053|466387	1335	1090.5	0	0
gene_360|GeneMark.hmm|735_nt|+|466428|467162	735	493.888	6	201.861
gene_361|GeneMark.hmm|927_nt|-|467318|468244	927	682.501	3	73.0376
gene_362|GeneMark.hmm|456_nt|-|468288|468743	456	252.368	2	131.681
gene_363|GeneMark.hmm|678_nt|+|468859|469536	678	441.339	0	0
gene_364|GeneMark.hmm|1224_nt|+|469563|470786	1224	979.501	8	135.711
gene_365|GeneMark.hmm|690_nt|-|470904|471593	690	451.988	12	441.147
gene_366|GeneMark.hmm|1512_nt|+|471698|473209	1512	1267.5	4	52.4373
gene_367|GeneMark.hmm|2718_nt|-|473228|475945	2718	2473.5	24	161.223
gene_368|GeneMark.hmm|438_nt|+|476558|476995	438	238.287	4	278.926
gene_369|GeneMark.hmm|834_nt|-|477028|477861	834	590.31	4	112.592
gene_370|GeneMark.hmm|684_nt|-|477934|478617	684	446.891	1	37.1815
gene_371|GeneMark.hmm|1698_nt|-|479019|480716	1698	1453.5	6	68.5906
gene_372|GeneMark.hmm|1575_nt|-|480775|482349	1575	1330.5	115	1436.19
gene_373|GeneMark.hmm|747_nt|-|482508|483254	747	505.542	1	32.8679
gene_374|GeneMark.hmm|699_nt|-|483322|484020	699	459.939	3	108.38
gene_375|GeneMark.hmm|633_nt|+|484121|484753	633	401.057	4	165.723
gene_376|GeneMark.hmm|777_nt|+|484836|485612	777	534.466	4	124.356
gene_377|GeneMark.hmm|1029_nt|-|485621|486649	1029	784.501	0	0
gene_378|GeneMark.hmm|372_nt|+|486755|487126	372	187.352	1	88.6889
gene_379|GeneMark.hmm|441_nt|+|487199|487639	441	240.744	0	0
gene_380|GeneMark.hmm|423_nt|-|487631|488053	423	226.91	15	1098.41
gene_381|GeneMark.hmm|513_nt|-|488166|488678	513	297.099	10	559.277
gene_382|GeneMark.hmm|1224_nt|+|489325|490548	1224	979.501	3	50.8915
gene_383|GeneMark.hmm|942_nt|+|490808|491749	942	697.501	2	47.6446
gene_384|GeneMark.hmm|3555_nt|+|491831|495385	3555	3310.5	493	2474.47
gene_385|GeneMark.hmm|579_nt|+|495561|496139	579	352.107	5	235.952
gene_386|GeneMark.hmm|882_nt|+|496230|497111	882	637.825	7	182.358
gene_387|GeneMark.hmm|1143_nt|-|497190|498332	1143	898.501	2	36.9862
gene_388|GeneMark.hmm|597_nt|-|498443|499039	597	367.515	0	0
gene_389|GeneMark.hmm|1194_nt|+|499428|500621	1194	949.501	1	17.4998
gene_390|GeneMark.hmm|1266_nt|-|500624|501889	1266	1021.5	6	97.598
gene_391|GeneMark.hmm|987_nt|-|501965|502951	987	742.501	1	22.3785
gene_392|GeneMark.hmm|603_nt|+|503032|503634	603	372.945	10	445.537
gene_393|GeneMark.hmm|1083_nt|-|503703|504785	1083	838.501	6	118.898
gene_394|GeneMark.hmm|834_nt|-|505138|505971	834	590.31	32.1561	905.132
gene_395|GeneMark.hmm|2379_nt|-|506075|508453	2379	2134.5	67	521.563
gene_396|GeneMark.hmm|432_nt|-|508536|508967	432	233.951	0	0
gene_397|GeneMark.hmm|789_nt|-|508980|509768	789	545.929	0	0
gene_398|GeneMark.hmm|996_nt|+|509829|510824	996	751.501	1	22.1105
gene_399|GeneMark.hmm|663_nt|-|510843|511505	663	427.614	0	0
gene_400|GeneMark.hmm|1002_nt|+|511565|512566	1002	757.501	1	21.9354
gene_401|GeneMark.hmm|966_nt|+|513108|514073	966	721.501	2	46.0598
gene_402|GeneMark.hmm|981_nt|-|514305|515285	981	736.501	111	2504.25
gene_403|GeneMark.hmm|456_nt|+|515475|515930	456	252.368	1	65.8407
gene_404|GeneMark.hmm|972_nt|-|515961|516932	972	727.501	30	685.198
gene_405|GeneMark.hmm|468_nt|-|517011|517478	468	261.488	0	0
gene_406|GeneMark.hmm|429_nt|-|517519|517947	429	231.67	0	0
gene_407|GeneMark.hmm|3423_nt|-|519373|522795	3423	3178.5	69	360.708
gene_408|GeneMark.hmm|615_nt|-|522920|523534	615	384.096	0	0
gene_409|GeneMark.hmm|1878_nt|+|523455|525332	1878	1633.5	7	71.2045
gene_410|GeneMark.hmm|1698_nt|+|525517|527214	1698	1453.5	8	91.4541
gene_411|GeneMark.hmm|360_nt|-|527224|527583	360	178.022	0	0
gene_412|GeneMark.hmm|1515_nt|+|527645|529159	1515	1270.5	0	0
gene_413|GeneMark.hmm|768_nt|+|529225|529992	768	525.624	8	252.897
gene_414|GeneMark.hmm|678_nt|-|529985|530662	678	441.339	15	564.739
gene_415|GeneMark.hmm|468_nt|+|531321|531788	468	261.488	0	0
gene_416|GeneMark.hmm|600_nt|+|532572|533171	600	370.25	6	269.268
gene_417|GeneMark.hmm|375_nt|+|533469|533843	375	189.734	43	3765.76
gene_418|GeneMark.hmm|1437_nt|+|534092|535528	1437	1192.5	25	348.345
gene_419|GeneMark.hmm|759_nt|-|535506|536264	759	516.78	0	0
gene_420|GeneMark.hmm|360_nt|+|536396|536755	360	178.022	0	0
gene_421|GeneMark.hmm|1431_nt|-|536761|538191	1431	1186.5	21	294.09
gene_422|GeneMark.hmm|564_nt|+|538412|538975	564	339.221	0	0
gene_423|GeneMark.hmm|381_nt|+|539012|539392	381	194.068	0	0
gene_424|GeneMark.hmm|861_nt|+|540053|540913	861	616.951	0	0
gene_425|GeneMark.hmm|897_nt|-|541279|542175	897	652.568	2	50.9252
gene_426|GeneMark.hmm|1485_nt|+|542311|543795	1485	1240.5	6	80.3679
gene_427|GeneMark.hmm|621_nt|+|544573|545193	621	389.583	176	7506.58
gene_428|GeneMark.hmm|582_nt|+|545252|545833	582	354.633	155	7262.43
gene_429|GeneMark.hmm|855_nt|+|545991|546845	855	611.072	17	462.258
gene_430|GeneMark.hmm|1125_nt|+|547473|548597	1125	880.501	7	132.098
gene_431|GeneMark.hmm|741_nt|-|548952|549692	741	499.542	41	1363.77
gene_432|GeneMark.hmm|1818_nt|+|550605|552422	1818	1573.5	49	517.437
gene_433|GeneMark.hmm|639_nt|+|552578|553216	639	406.276	8	327.188
gene_434|GeneMark.hmm|681_nt|-|553307|553987	681	444.25	8	299.221
gene_435|GeneMark.hmm|723_nt|-|554043|554765	723	482.621	2	68.8577
gene_436|GeneMark.hmm|1431_nt|-|554833|556263	1431	1186.5	4	56.0171
gene_437|GeneMark.hmm|1722_nt|+|556726|558447	1722	1477.5	4397	49449
gene_438|GeneMark.hmm|480_nt|+|558894|559373	480	271.385	0	0
gene_439|GeneMark.hmm|1383_nt|-|560293|561675	1383	1138.5	0	0
gene_440|GeneMark.hmm|1320_nt|+|561757|563076	1320	1075.5	12	185.395
gene_441|GeneMark.hmm|960_nt|-|563810|564769	960	715.501	9	209.007
gene_442|GeneMark.hmm|480_nt|-|564816|565295	480	271.385	8	489.817
gene_443|GeneMark.hmm|723_nt|-|565359|566081	723	482.621	67	2306.73
gene_444|GeneMark.hmm|597_nt|+|566618|567214	597	367.515	14	632.968
gene_445|GeneMark.hmm|858_nt|-|567295|568152	858	613.951	254	6874.3
gene_446|GeneMark.hmm|1446_nt|+|568983|570428	1446	1201.5	11	152.124
gene_447|GeneMark.hmm|1008_nt|+|570845|571852	1008	763.501	1	21.763
gene_448|GeneMark.hmm|1557_nt|+|571944|573500	1557	1312.5	46	582.354
gene_449|GeneMark.hmm|540_nt|-|573497|574036	540	318.9	6	312.627
gene_450|GeneMark.hmm|2403_nt|+|574084|576486	2403	2158.5	12	92.3757
gene_451|GeneMark.hmm|969_nt|+|577007|577975	969	724.501	3	68.8036
gene_452|GeneMark.hmm|738_nt|+|578288|579025	738	496.691	0	0
gene_453|GeneMark.hmm|585_nt|-|579041|579625	585	357.046	0	0
gene_454|GeneMark.hmm|696_nt|-|579885|580580	696	457.169	1	36.3456
gene_455|GeneMark.hmm|1191_nt|-|580624|581814	1191	946.501	1	17.5553
gene_456|GeneMark.hmm|1584_nt|-|582075|583658	1584	1339.5	3	37.214
gene_457|GeneMark.hmm|849_nt|+|583910|584758	849	605.072	2	54.9226
gene_458|GeneMark.hmm|432_nt|-|584755|585186	432	233.951	6	426.143
gene_459|GeneMark.hmm|660_nt|-|585557|586216	660	425.044	3	117.278
gene_460|GeneMark.hmm|1539_nt|-|587097|588635	1539	1294.5	13	166.867
gene_461|GeneMark.hmm|783_nt|+|589841|590623	783	540.145	0	0
gene_462|GeneMark.hmm|549_nt|-|590739|591287	549	326.374	1	50.9112
gene_463|GeneMark.hmm|510_nt|+|591397|591906	510	294.795	2	112.73
gene_464|GeneMark.hmm|1293_nt|-|592015|593307	1293	1048.5	110	1743.22
gene_465|GeneMark.hmm|609_nt|-|593398|594006	609	378.561	11	482.82
gene_466|GeneMark.hmm|1152_nt|+|594149|595300	1152	907.501	3	54.9291
gene_467|GeneMark.hmm|5805_nt|+|595433|601237	5805	5560.5	18	53.7882
gene_468|GeneMark.hmm|1335_nt|+|601295|602629	1335	1090.5	0	0
gene_469|GeneMark.hmm|1581_nt|-|602634|604214	1581	1336.5	1	12.4325
gene_470|GeneMark.hmm|8526_nt|+|604519|613044	8526	8281.5	52	104.333
gene_471|GeneMark.hmm|471_nt|-|613157|613627	471	263.649	2	126.047
gene_472|GeneMark.hmm|2022_nt|-|613687|615708	2022	1777.5	0	0
gene_473|GeneMark.hmm|1368_nt|-|616099|617466	1368	1123.5	10	147.896
gene_474|GeneMark.hmm|1497_nt|-|617638|619134	1497	1252.5	1	13.2663
gene_475|GeneMark.hmm|552_nt|+|619241|619792	552	328.929	5	252.579
gene_476|GeneMark.hmm|522_nt|-|619865|620386	522	304.59	0	0
gene_477|GeneMark.hmm|405_nt|+|621044|621448	405	213.088	2	155.955
gene_478|GeneMark.hmm|1320_nt|+|621917|623236	1320	1075.5	14	216.295
gene_479|GeneMark.hmm|510_nt|-|623258|623767	510	294.795	3	169.095
gene_480|GeneMark.hmm|3156_nt|+|623945|627100	3156	2911.5	16	91.3128
gene_481|GeneMark.hmm|1512_nt|-|627116|628627	1512	1267.5	0	0
gene_482|GeneMark.hmm|2280_nt|+|629522|631801	2280	2035.5	26	212.242
gene_483|GeneMark.hmm|1293_nt|+|631912|633204	1293	1048.5	14	221.865
gene_484|GeneMark.hmm|1143_nt|-|633213|634355	1143	898.501	12	221.917
gene_485|GeneMark.hmm|810_nt|-|634423|635232	810	566.653	0	0
gene_486|GeneMark.hmm|900_nt|+|635322|636221	900	655.568	2	50.6921
gene_487|GeneMark.hmm|399_nt|+|636559|636957	399	208.524	0	0
gene_488|GeneMark.hmm|642_nt|+|637019|637660	642	408.82	3	121.932
gene_489|GeneMark.hmm|2751_nt|-|637714|640464	2751	2506.5	30	198.876
gene_490|GeneMark.hmm|378_nt|-|640501|640878	378	191.858	3	259.818
gene_491|GeneMark.hmm|699_nt|+|641038|641736	699	459.939	2	72.2535
gene_492|GeneMark.hmm|315_nt|-|641806|642120	315	143.15	0	0
gene_493|GeneMark.hmm|1542_nt|-|642334|643875	1542	1297.5	2	25.6124
gene_494|GeneMark.hmm|927_nt|+|643983|644909	927	682.501	4	97.3835
gene_495|GeneMark.hmm|453_nt|-|644985|645437	453	249.985	0	0
gene_496|GeneMark.hmm|1500_nt|-|645518|647017	1500	1255.5	2	26.4692
gene_497|GeneMark.hmm|498_nt|+|647139|647636	498	285.74	23	1337.47
gene_498|GeneMark.hmm|840_nt|+|647685|648524	840	596.251	2	55.7352
gene_499|GeneMark.hmm|1335_nt|+|648598|649932	1335	1090.5	10	152.371
gene_500|GeneMark.hmm|735_nt|+|650086|650820	735	493.888	2	67.2868
gene_501|GeneMark.hmm|882_nt|-|651125|652006	882	637.825	27	703.381
gene_502|GeneMark.hmm|1077_nt|-|652036|653112	1077	832.501	7	139.715
gene_503|GeneMark.hmm|1074_nt|+|653992|655065	1074	829.501	1	20.0314
gene_504|GeneMark.hmm|2415_nt|-|655095|657509	2415	2170.5	80	612.433
gene_505|GeneMark.hmm|492_nt|-|657575|658066	492	281.307	0	0
gene_506|GeneMark.hmm|807_nt|+|658387|659193	807	563.653	2	58.9586
gene_507|GeneMark.hmm|456_nt|+|659278|659733	456	252.368	8	526.726
gene_508|GeneMark.hmm|1479_nt|-|659947|661425	1479	1234.5	7	94.2183
gene_509|GeneMark.hmm|525_nt|-|662169|662693	525	306.941	6	324.807
gene_510|GeneMark.hmm|531_nt|+|662761|663291	531	311.76	1	53.2977
gene_511|GeneMark.hmm|768_nt|+|663333|664100	768	525.624	11	347.733
gene_512|GeneMark.hmm|483_nt|+|664273|664755	483	273.877	4	242.68
gene_513|GeneMark.hmm|450_nt|-|664967|665416	450	247.515	0	0
gene_514|GeneMark.hmm|567_nt|-|665650|666216	567	341.832	0	0
gene_515|GeneMark.hmm|873_nt|-|666414|667286	873	628.951	7	184.931
gene_516|GeneMark.hmm|1026_nt|-|667347|668372	1026	781.501	0	0
gene_517|GeneMark.hmm|816_nt|-|668441|669256	816	572.483	0	0
gene_518|GeneMark.hmm|579_nt|+|669326|669904	579	352.107	20	943.809
gene_519|GeneMark.hmm|6198_nt|+|670001|676198	6198	5953.5	4	11.1639
gene_520|GeneMark.hmm|1713_nt|+|676274|677986	1713	1468.5	3	33.945
gene_521|GeneMark.hmm|630_nt|-|679314|679943	630	398.22	5	208.629
gene_522|GeneMark.hmm|672_nt|-|680466|681137	672	435.87	43	1639.23
gene_523|GeneMark.hmm|996_nt|-|681249|682244	996	751.501	256	5660.3
gene_524|GeneMark.hmm|1095_nt|-|682667|683761	1095	850.501	6	117.221
gene_525|GeneMark.hmm|381_nt|-|683888|684268	381	194.068	2	171.24
gene_526|GeneMark.hmm|342_nt|+|684633|684974	342	164.125	0	0
gene_527|GeneMark.hmm|1239_nt|-|685013|686251	1239	994.501	26	434.407
gene_528|GeneMark.hmm|1950_nt|+|686495|688444	1950	1705.5	2	19.4853
gene_529|GeneMark.hmm|510_nt|-|688539|689048	510	294.795	38	2141.86
gene_530|GeneMark.hmm|852_nt|+|689079|689930	852	608.072	202	5519.82
gene_531|GeneMark.hmm|330_nt|+|690793|691122	330	155.174	2	214.16
gene_532|GeneMark.hmm|705_nt|-|691171|691875	705	465.477	89	3177.02
gene_533|GeneMark.hmm|480_nt|-|691991|692470	480	271.385	261	15980.3
gene_534|GeneMark.hmm|633_nt|-|692561|693193	633	401.057	58	2402.98
gene_535|GeneMark.hmm|846_nt|-|693424|694269	846	602.132	7	193.168
gene_536|GeneMark.hmm|831_nt|-|694687|695517	831	587.369	1	28.289
gene_537|GeneMark.hmm|1755_nt|+|695879|697633	1755	1510.5	2	22.0008
gene_538|GeneMark.hmm|651_nt|-|697729|698379	651	416.857	0	0
gene_539|GeneMark.hmm|1248_nt|-|698442|699689	1248	1003.5	9	149.023
gene_540|GeneMark.hmm|306_nt|+|699863|700168	306	136.867	0	0
gene_541|GeneMark.hmm|870_nt|-|700255|701124	870	625.951	3	79.636
gene_542|GeneMark.hmm|789_nt|-|701157|701945	789	545.929	0	0
gene_543|GeneMark.hmm|336_nt|+|702009|702344	336	159.58	8	832.989
gene_544|GeneMark.hmm|834_nt|+|702408|703241	834	590.31	3	84.4441
gene_545|GeneMark.hmm|813_nt|+|703614|704426	813	569.597	3	87.515
gene_546|GeneMark.hmm|1377_nt|+|704476|705852	1377	1132.5	1	14.672
gene_547|GeneMark.hmm|993_nt|+|705913|706905	993	748.501	4	88.7966
gene_548|GeneMark.hmm|1110_nt|-|706910|708019	1110	865.501	0	0
gene_549|GeneMark.hmm|3249_nt|+|708102|711350	3249	3004.5	40	221.216
gene_550|GeneMark.hmm|1683_nt|-|711478|713160	1683	1438.5	20	231.019
gene_551|GeneMark.hmm|1410_nt|+|713288|714697	1410	1165.5	0	0
gene_552|GeneMark.hmm|1092_nt|+|714777|715868	1092	847.501	99	1940.99
gene_553|GeneMark.hmm|1701_nt|+|715942|717642	1701	1456.5	0	0
gene_554|GeneMark.hmm|897_nt|-|717741|718637	897	652.568	9	229.163
gene_555|GeneMark.hmm|750_nt|+|718732|719481	750	508.239	3	98.0803
gene_556|GeneMark.hmm|3192_nt|-|719785|722976	3192	2947.5	5	28.1867
gene_557|GeneMark.hmm|639_nt|+|723060|723698	639	406.276	0	0
gene_558|GeneMark.hmm|750_nt|+|723791|724540	750	508.239	0	0
gene_559|GeneMark.hmm|1029_nt|-|724564|725592	1029	784.501	4	84.7218
gene_560|GeneMark.hmm|528_nt|+|725660|726187	528	309.549	0	0
gene_561|GeneMark.hmm|813_nt|+|726253|727065	813	569.597	0	0
gene_562|GeneMark.hmm|453_nt|+|727108|727560	453	249.985	8	531.746
gene_563|GeneMark.hmm|516_nt|-|727577|728092	516	299.877	0	0
gene_564|GeneMark.hmm|471_nt|+|728170|728640	471	263.649	2	126.047
gene_565|GeneMark.hmm|390_nt|-|728660|729049	390	201.344	0	0
gene_566|GeneMark.hmm|549_nt|+|729148|729696	549	326.374	25	1272.78
gene_567|GeneMark.hmm|468_nt|+|729841|730308	468	261.488	0	0
gene_568|GeneMark.hmm|1005_nt|+|730359|731363	1005	760.501	4	87.3955
gene_569|GeneMark.hmm|732_nt|-|731365|732096	732	491.085	3	101.506
gene_570|GeneMark.hmm|633_nt|-|732215|732847	633	401.057	3	124.292
gene_571|GeneMark.hmm|693_nt|-|732942|733634	693	454.26	7	256.048
gene_572|GeneMark.hmm|1338_nt|-|733695|735032	1338	1093.5	281	4269.88
gene_573|GeneMark.hmm|336_nt|-|735087|735422	336	159.58	0	0
gene_574|GeneMark.hmm|546_nt|+|735531|736076	546	324.191	7	358.778
gene_575|GeneMark.hmm|393_nt|-|736081|736473	393	203.644	0	0
gene_576|GeneMark.hmm|375_nt|-|736548|736922	375	189.734	0	0
gene_577|GeneMark.hmm|747_nt|+|737292|738038	747	505.542	5	164.339
gene_578|GeneMark.hmm|495_nt|+|738048|738542	495	283.449	0	0
gene_579|GeneMark.hmm|1296_nt|+|738594|739889	1296	1051.5	30	474.068
gene_580|GeneMark.hmm|642_nt|+|739976|740617	642	408.82	135	5486.94
gene_581|GeneMark.hmm|426_nt|+|740649|741074	426	229.411	5	362.147
gene_582|GeneMark.hmm|501_nt|+|741163|741663	501	288.399	8	460.919
gene_583|GeneMark.hmm|315_nt|-|741652|741966	315	143.15	0	0
gene_584|GeneMark.hmm|360_nt|+|742286|742645	360	178.022	3	280.012
gene_585|GeneMark.hmm|318_nt|+|742760|743077	318	145.543	0	0
gene_586|GeneMark.hmm|2325_nt|+|743121|745445	2325	2080.5	14	111.812
gene_587|GeneMark.hmm|1329_nt|+|745468|746796	1329	1084.5	7	107.25
gene_588|GeneMark.hmm|3423_nt|+|746829|750251	3423	3178.5	87	454.805
gene_589|GeneMark.hmm|378_nt|-|750663|751040	378	191.858	0	0
gene_590|GeneMark.hmm|972_nt|-|751628|752599	972	727.501	38	867.918
gene_591|GeneMark.hmm|561_nt|+|752662|753222	561	336.924	1	49.3171
gene_592|GeneMark.hmm|462_nt|-|753229|753690	462	256.865	0	0
gene_593|GeneMark.hmm|324_nt|-|753778|754101	324	150.615	0	0
gene_594|GeneMark.hmm|399_nt|-|754228|754626	399	208.524	0	0
gene_595|GeneMark.hmm|642_nt|-|754705|755346	642	408.82	0	0
gene_596|GeneMark.hmm|306_nt|-|755395|755700	306	136.867	1	121.403
gene_597|GeneMark.hmm|1347_nt|-|756548|757894	1347	1102.5	1	15.0713
gene_598|GeneMark.hmm|936_nt|-|758400|759335	936	691.501	0	0
gene_599|GeneMark.hmm|954_nt|+|759588|760541	954	709.501	8	187.355
gene_600|GeneMark.hmm|786_nt|-|761459|762244	786	543.037	7	214.189
gene_601|GeneMark.hmm|921_nt|-|762508|763428	921	676.568	75	1841.95
gene_602|GeneMark.hmm|414_nt|-|763762|764175	414	220.216	72	5432.66
gene_603|GeneMark.hmm|621_nt|-|764264|764884	621	389.583	224.844	9589.82
gene_604|GeneMark.hmm|306_nt|-|765832|766137	306	136.867	3	364.21
gene_605|GeneMark.hmm|1374_nt|-|766189|767562	1374	1129.5	10	147.11
gene_606|GeneMark.hmm|300_nt|+|767661|767960	300	132.651	0	0
gene_607|GeneMark.hmm|777_nt|-|767963|768739	777	534.466	0	0
gene_608|GeneMark.hmm|447_nt|+|768852|769298	447	245.372	0	0
gene_609|GeneMark.hmm|420_nt|+|769385|769804	420	224.639	0	0
gene_610|GeneMark.hmm|471_nt|-|769819|770289	471	263.649	0	0
gene_611|GeneMark.hmm|1638_nt|-|770738|772375	1638	1393.5	14	166.936
gene_612|GeneMark.hmm|2928_nt|-|772429|775356	2928	2683.5	4	24.7678
gene_613|GeneMark.hmm|1437_nt|+|775468|776904	1437	1192.5	0	0
gene_614|GeneMark.hmm|1458_nt|+|776967|778424	1458	1213.5	12	164.312
gene_615|GeneMark.hmm|1233_nt|+|778469|779701	1233	988.501	33	554.709
gene_616|GeneMark.hmm|813_nt|+|779828|780640	813	569.597	1	29.1717
gene_617|GeneMark.hmm|1191_nt|+|781855|783045	1191	946.501	5	87.7764
gene_618|GeneMark.hmm|507_nt|+|783239|783745	507	292.962	0	0
gene_619|GeneMark.hmm|1281_nt|-|783728|785008	1281	1036.5	0	0
gene_620|GeneMark.hmm|750_nt|-|785058|785807	750	508.239	0	0
gene_621|GeneMark.hmm|828_nt|+|786077|786904	828	584.369	2	56.8685
gene_622|GeneMark.hmm|750_nt|+|788234|788983	750	508.239	0	0
gene_623|GeneMark.hmm|1638_nt|-|789070|790707	1638	1393.5	2	23.848
gene_624|GeneMark.hmm|717_nt|+|790898|791614	717	477.101	8	278.618
gene_625|GeneMark.hmm|1674_nt|+|791674|793347	1674	1429.5	8	92.9896
gene_626|GeneMark.hmm|888_nt|+|794123|795010	888	643.762	2	51.6219
gene_627|GeneMark.hmm|348_nt|-|795073|795420	348	168.91	0	0
gene_628|GeneMark.hmm|1629_nt|-|795507|797135	1629	1384.5	13	156.019
gene_629|GeneMark.hmm|624_nt|+|797818|798441	624	392.463	0	0
gene_630|GeneMark.hmm|1215_nt|-|798445|799659	1215	970.501	10	171.211
gene_631|GeneMark.hmm|378_nt|-|799776|800153	378	191.858	3	259.818
gene_632|GeneMark.hmm|546_nt|+|800250|800795	546	324.191	27	1383.86
gene_633|GeneMark.hmm|960_nt|+|800998|801957	960	715.501	5	116.115
gene_634|GeneMark.hmm|648_nt|+|802016|802663	648	414.278	13	521.411
gene_635|GeneMark.hmm|849_nt|+|802729|803577	849	605.072	4	109.845
gene_636|GeneMark.hmm|609_nt|-|803695|804303	609	378.561	2	87.7854
gene_637|GeneMark.hmm|1269_nt|-|804530|805798	1269	1024.5	21	340.593
gene_638|GeneMark.hmm|747_nt|-|805897|806643	747	505.542	11	361.547
gene_639|GeneMark.hmm|540_nt|-|807617|808156	540	318.9	0	0
gene_640|GeneMark.hmm|912_nt|-|808215|809126	912	667.568	4	99.5618
gene_641|GeneMark.hmm|564_nt|+|809209|809772	564	339.221	2	97.9661
gene_642|GeneMark.hmm|1374_nt|-|809790|811163	1374	1129.5	0	0
gene_643|GeneMark.hmm|717_nt|+|811231|811947	717	477.101	1	34.8272
gene_644|GeneMark.hmm|654_nt|-|812015|812668	654	419.687	0	0
gene_645|GeneMark.hmm|981_nt|-|813726|814706	981	736.501	1	22.5608
gene_646|GeneMark.hmm|975_nt|+|814796|815770	975	730.501	2	45.4923
gene_647|GeneMark.hmm|3756_nt|+|815862|819617	3756	3511.5	45.4927	215.267
gene_648|GeneMark.hmm|657_nt|-|819646|820302	657	422.602	5	196.593
gene_649|GeneMark.hmm|951_nt|-|820401|821351	951	706.501	3	70.5565
gene_650|GeneMark.hmm|927_nt|-|821912|822838	927	682.501	5	121.729
gene_651|GeneMark.hmm|1251_nt|+|822995|824245	1251	1006.5	9	148.579
gene_652|GeneMark.hmm|564_nt|+|824330|824893	564	339.221	0	0
gene_653|GeneMark.hmm|879_nt|+|825610|826488	879	634.825	1	26.1743
gene_654|GeneMark.hmm|531_nt|+|826740|827270	531	311.76	0	0
gene_655|GeneMark.hmm|381_nt|-|827282|827662	381	194.068	3	256.86
gene_656|GeneMark.hmm|1287_nt|-|827610|828896	1287	1042.5	1	15.9387
gene_657|GeneMark.hmm|834_nt|+|828981|829814	834	590.31	1	28.148
gene_658|GeneMark.hmm|792_nt|+|829889|830680	792	548.875	8	242.184
gene_659|GeneMark.hmm|957_nt|+|832053|833009	957	712.501	5	116.604
gene_660|GeneMark.hmm|825_nt|+|833177|834001	825	581.369	13	371.553
gene_661|GeneMark.hmm|1875_nt|-|834299|836173	1875	1630.5	1	10.1908
gene_662|GeneMark.hmm|2361_nt|+|836283|838643	2361	2116.5	21	164.865
gene_663|GeneMark.hmm|918_nt|-|838923|839840	918	673.568	3	74.0062
gene_664|GeneMark.hmm|1092_nt|+|839904|840995	1092	847.501	4	78.4239
gene_665|GeneMark.hmm|3570_nt|+|841037|844606	3570	3325.5	39	194.866
gene_666|GeneMark.hmm|1032_nt|+|844676|845707	1032	787.501	13	274.297
gene_667|GeneMark.hmm|528_nt|+|846107|846634	528	309.549	3	161.035
gene_668|GeneMark.hmm|348_nt|-|846706|847053	348	168.91	0	0
gene_669|GeneMark.hmm|885_nt|+|847148|848032	885	640.825	1	25.9292
gene_670|GeneMark.hmm|1248_nt|-|848159|849406	1248	1003.5	12	198.697
gene_671|GeneMark.hmm|405_nt|+|849573|849977	405	213.088	0	0
gene_672|GeneMark.hmm|1029_nt|+|850038|851066	1029	784.501	1	21.1804
gene_673|GeneMark.hmm|1530_nt|+|851069|852598	1530	1285.5	12	155.109
gene_674|GeneMark.hmm|1341_nt|+|852623|853963	1341	1096.5	0	0
gene_675|GeneMark.hmm|1092_nt|-|853964|855055	1092	847.501	3	58.8179
gene_676|GeneMark.hmm|807_nt|+|855120|855926	807	563.653	2	58.9586
gene_677|GeneMark.hmm|606_nt|+|855984|856589	606	375.716	4	176.901
gene_678|GeneMark.hmm|762_nt|-|856592|857353	762	519.78	3	95.9026
gene_679|GeneMark.hmm|828_nt|+|857492|858319	828	584.369	47	1336.41
gene_680|GeneMark.hmm|1203_nt|+|858374|859576	1203	958.501	2	34.671
gene_681|GeneMark.hmm|390_nt|-|859601|859990	390	201.344	0	0
gene_682|GeneMark.hmm|837_nt|+|860360|861196	837	593.31	43	1204.25
gene_683|GeneMark.hmm|1989_nt|+|861543|863531	1989	1744.5	10	95.2484
gene_684|GeneMark.hmm|1107_nt|+|863675|864781	1107	862.501	431	8303.22
gene_685|GeneMark.hmm|1617_nt|-|864819|866435	1617	1372.5	33	399.512
gene_686|GeneMark.hmm|489_nt|+|866844|867332	489	278.672	8	477.007
gene_687|GeneMark.hmm|3942_nt|+|867384|871325	3942	3697.5	47	211.212
gene_688|GeneMark.hmm|4884_nt|+|871329|876212	4884	4639.5	62	222.049
gene_689|GeneMark.hmm|2700_nt|-|876358|879057	2700	2455.5	11	74.4357
gene_690|GeneMark.hmm|783_nt|+|880116|880898	783	540.145	7	215.336
gene_691|GeneMark.hmm|624_nt|+|881026|881649	624	392.463	1	42.338
gene_692|GeneMark.hmm|462_nt|-|881650|882111	462	256.865	2	129.376
gene_693|GeneMark.hmm|492_nt|-|882185|882676	492	281.307	1	59.0675
gene_694|GeneMark.hmm|1011_nt|-|882801|883811	1011	766.501	9.69141	210.089
gene_695|GeneMark.hmm|1008_nt|-|883954|884961	1008	763.501	4.30859	93.768
gene_696|GeneMark.hmm|678_nt|+|885073|885750	678	441.339	1	37.6493
gene_697|GeneMark.hmm|984_nt|-|885834|886817	984	739.501	20	449.386
gene_698|GeneMark.hmm|426_nt|+|888296|888721	426	229.411	0	0
gene_699|GeneMark.hmm|426_nt|+|888759|889184	426	229.411	0	0
gene_700|GeneMark.hmm|327_nt|+|889231|889557	327	152.691	47	5114.62
gene_701|GeneMark.hmm|513_nt|+|890322|890834	513	297.099	0	0
gene_702|GeneMark.hmm|750_nt|+|890899|891648	750	508.239	0	0
gene_703|GeneMark.hmm|639_nt|-|891835|892473	639	406.276	0	0
gene_704|GeneMark.hmm|423_nt|+|892651|893073	423	226.91	2	146.455
gene_705|GeneMark.hmm|969_nt|-|893083|894051	969	724.501	4	91.7381
gene_706|GeneMark.hmm|1416_nt|-|894176|895591	1416	1171.5	51	723.363
gene_707|GeneMark.hmm|363_nt|-|895822|896184	363	180.403	172	15842.1
gene_708|GeneMark.hmm|1593_nt|-|896705|898297	1593	1348.5	0	0
gene_709|GeneMark.hmm|1059_nt|+|898434|899492	1059	814.501	8	163.203
gene_710|GeneMark.hmm|1086_nt|-|899485|900570	1086	841.501	2	39.4915
gene_711|GeneMark.hmm|2454_nt|-|900629|903082	2454	2209.5	5	37.6014
gene_712|GeneMark.hmm|456_nt|-|903179|903634	456	252.368	0	0
gene_713|GeneMark.hmm|324_nt|-|904391|904714	324	150.615	0	0
gene_714|GeneMark.hmm|900_nt|-|904798|905697	900	655.568	39	988.497
gene_715|GeneMark.hmm|921_nt|+|905828|906748	921	676.568	7	171.915
gene_716|GeneMark.hmm|681_nt|+|907917|908597	681	444.25	4	149.61
gene_717|GeneMark.hmm|1998_nt|+|908797|910794	1998	1753.5	1	9.47595
gene_718|GeneMark.hmm|543_nt|-|911083|911625	543	321.631	1	51.662
gene_719|GeneMark.hmm|1086_nt|+|911781|912866	1086	841.501	3	59.2373
gene_720|GeneMark.hmm|1038_nt|-|912886|913923	1038	793.501	0	0
gene_721|GeneMark.hmm|987_nt|-|914796|915782	987	742.501	19	425.192
gene_722|GeneMark.hmm|1152_nt|-|915887|917038	1152	907.501	5	91.5486
gene_723|GeneMark.hmm|522_nt|+|917180|917701	522	304.59	1	54.5524
gene_724|GeneMark.hmm|960_nt|+|917774|918733	960	715.501	3	69.669
gene_725|GeneMark.hmm|471_nt|-|919051|919521	471	263.649	3	189.07
gene_726|GeneMark.hmm|888_nt|+|919705|920592	888	643.762	0	0
gene_727|GeneMark.hmm|519_nt|+|920769|921287	519	302.3	1	54.9655
gene_728|GeneMark.hmm|696_nt|-|921294|921989	696	457.169	12	436.148
gene_729|GeneMark.hmm|1380_nt|-|922375|923754	1380	1135.5	19	278.032
gene_730|GeneMark.hmm|4071_nt|+|923869|927939	4071	3826.5	35	151.983
gene_731|GeneMark.hmm|618_nt|-|927947|928564	618	386.82	5	214.778
gene_732|GeneMark.hmm|2169_nt|+|930211|932379	2169	1924.5	1	8.63397
gene_733|GeneMark.hmm|1368_nt|-|932387|933754	1368	1123.5	2	29.5791
gene_734|GeneMark.hmm|2598_nt|-|935040|937637	2598	2353.5	251	1772.1
gene_735|GeneMark.hmm|411_nt|+|937965|938375	411	217.955	3	228.709
gene_736|GeneMark.hmm|972_nt|-|938372|939343	972	727.501	2	45.6799
gene_737|GeneMark.hmm|390_nt|+|939510|939899	390	201.344	11	907.786
gene_738|GeneMark.hmm|819_nt|+|939907|940725	819	575.426	6	173.257
gene_739|GeneMark.hmm|468_nt|-|940722|941189	468	261.488	0	0
gene_740|GeneMark.hmm|2097_nt|-|942059|944155	2097	1852.5	634	5686.69
gene_741|GeneMark.hmm|1974_nt|-|944255|946228	1974	1729.5	11	105.682
gene_742|GeneMark.hmm|342_nt|+|946419|946760	342	164.125	0	0
gene_743|GeneMark.hmm|594_nt|+|946837|947430	594	365.116	0	0
gene_744|GeneMark.hmm|885_nt|-|947449|948333	885	640.825	6	155.575
gene_745|GeneMark.hmm|1221_nt|+|948384|949604	1221	976.501	0	0
gene_746|GeneMark.hmm|789_nt|-|949606|950394	789	545.929	0	0
gene_747|GeneMark.hmm|714_nt|-|950826|951539	714	474.148	2	70.0881
gene_748|GeneMark.hmm|1371_nt|-|951540|952910	1371	1126.5	0	0
gene_749|GeneMark.hmm|2205_nt|-|952993|955197	2205	1960.5	37	313.591
gene_750|GeneMark.hmm|303_nt|-|955311|955613	303	134.963	64	7879.42
gene_751|GeneMark.hmm|837_nt|+|955805|956641	837	593.31	4	112.023
gene_752|GeneMark.hmm|942_nt|+|956921|957862	942	697.501	1	23.8223
gene_753|GeneMark.hmm|492_nt|-|958517|959008	492	281.307	2	118.135
gene_754|GeneMark.hmm|1107_nt|+|959050|960156	1107	862.501	0	0
gene_755|GeneMark.hmm|1104_nt|+|960931|962034	1104	859.501	5	96.6612
gene_756|GeneMark.hmm|456_nt|-|962183|962638	456	252.368	0	0
gene_757|GeneMark.hmm|561_nt|+|962833|963393	561	336.924	0	0
gene_758|GeneMark.hmm|441_nt|+|964095|964535	441	240.744	0	0
gene_759|GeneMark.hmm|747_nt|+|964596|965342	747	505.542	2	65.7357
gene_760|GeneMark.hmm|450_nt|-|965694|966143	450	247.515	0	0
gene_761|GeneMark.hmm|639_nt|+|966203|966841	639	406.276	5	204.493
gene_762|GeneMark.hmm|885_nt|+|967009|967893	885	640.825	101	2618.85
gene_763|GeneMark.hmm|948_nt|-|968000|968947	948	703.501	9	212.572
gene_764|GeneMark.hmm|1428_nt|+|969118|970545	1428	1183.5	30	421.193
gene_765|GeneMark.hmm|546_nt|-|970684|971229	546	324.191	62	3177.75
gene_766|GeneMark.hmm|711_nt|+|971303|972013	711	471.29	250	8814.15
gene_767|GeneMark.hmm|609_nt|+|972287|972895	609	378.561	1	43.8927
gene_768|GeneMark.hmm|966_nt|+|973010|973975	966	721.501	0	0
gene_769|GeneMark.hmm|471_nt|+|974049|974519	471	263.649	0	0
gene_770|GeneMark.hmm|558_nt|+|974600|975157	558	334.168	0	0
gene_771|GeneMark.hmm|345_nt|-|975478|975822	345	166.5	16	1596.74
gene_772|GeneMark.hmm|969_nt|+|976654|977622	969	724.501	0	0
gene_773|GeneMark.hmm|1344_nt|+|977693|979036	1344	1099.5	0	0
gene_774|GeneMark.hmm|984_nt|+|979053|980036	984	739.501	1	22.4693
gene_775|GeneMark.hmm|1605_nt|-|980056|981660	1605	1360.5	3	36.6396
gene_776|GeneMark.hmm|1953_nt|+|981738|983690	1953	1708.5	8	77.8043
gene_777|GeneMark.hmm|477_nt|-|983862|984338	477	268.919	0	0
gene_778|GeneMark.hmm|1971_nt|+|984498|986468	1971	1726.5	59	567.824
gene_779|GeneMark.hmm|390_nt|+|986490|986879	390	201.344	5	412.63
gene_780|GeneMark.hmm|1149_nt|-|987058|988206	1149	904.501	6	110.223
gene_781|GeneMark.hmm|645_nt|-|988480|989124	645	411.487	2	80.7611
gene_782|GeneMark.hmm|783_nt|+|989251|990033	783	540.145	1	30.7623
gene_783|GeneMark.hmm|1194_nt|-|990093|991286	1194	949.501	2	34.9996
gene_784|GeneMark.hmm|2364_nt|+|991388|993751	2364	2119.5	6	47.0377
gene_785|GeneMark.hmm|1854_nt|+|993867|995720	1854	1609.5	1	10.3237
gene_786|GeneMark.hmm|1071_nt|+|995877|996947	1071	826.501	7	140.729
gene_787|GeneMark.hmm|3102_nt|+|997954|1001055	3102	2857.5	7	40.7043
gene_788|GeneMark.hmm|1335_nt|+|1001132|1002466	1335	1090.5	4	60.9484
gene_789|GeneMark.hmm|1173_nt|-|1002519|1003691	1173	928.501	3	53.6868
gene_790|GeneMark.hmm|429_nt|-|1004339|1004767	429	231.67	1	71.7232
gene_791|GeneMark.hmm|327_nt|-|1004733|1005059	327	152.691	6	652.93
gene_792|GeneMark.hmm|429_nt|+|1005657|1006085	429	231.67	0	0
gene_793|GeneMark.hmm|522_nt|+|1006194|1006715	522	304.59	0	0
gene_794|GeneMark.hmm|951_nt|+|1006764|1007714	951	706.501	1	23.5188
gene_795|GeneMark.hmm|885_nt|+|1007759|1008643	885	640.825	0	0
gene_796|GeneMark.hmm|4251_nt|+|1008752|1013002	4251	4006.5	21	87.0929
gene_797|GeneMark.hmm|516_nt|+|1013112|1013627	516	299.877	2	110.819
gene_798|GeneMark.hmm|1437_nt|+|1013861|1015297	1437	1192.5	3	41.8014
gene_799|GeneMark.hmm|399_nt|+|1015361|1015759	399	208.524	25	1992.11
gene_800|GeneMark.hmm|987_nt|+|1016401|1017387	987	742.501	2	44.7571
gene_801|GeneMark.hmm|1092_nt|+|1018088|1019179	1092	847.501	1	19.606
gene_802|GeneMark.hmm|681_nt|+|1019335|1020015	681	444.25	2	74.8051
gene_803|GeneMark.hmm|546_nt|+|1020160|1020705	546	324.191	2	102.508
gene_804|GeneMark.hmm|1893_nt|-|1020826|1022718	1893	1648.5	0	0
gene_805|GeneMark.hmm|1896_nt|+|1022828|1024723	1896	1651.5	1	10.0612
gene_806|GeneMark.hmm|537_nt|+|1025350|1025886	537	316.634	57	2991.2
gene_807|GeneMark.hmm|792_nt|-|1026015|1026806	792	548.875	3	90.819
gene_808|GeneMark.hmm|1287_nt|-|1026880|1028166	1287	1042.5	1	15.9387
gene_809|GeneMark.hmm|1026_nt|+|1028316|1029341	1026	781.501	1	21.2618
gene_810|GeneMark.hmm|642_nt|-|1029346|1029987	642	408.82	0	0
gene_811|GeneMark.hmm|1116_nt|+|1030122|1031237	1116	871.501	10	190.661
gene_812|GeneMark.hmm|849_nt|+|1031519|1032367	849	605.072	11	302.074
gene_813|GeneMark.hmm|2394_nt|+|1032596|1034989	2394	2149.5	144	1113.15
gene_814|GeneMark.hmm|1230_nt|+|1035080|1036309	1230	985.501	0	0
gene_815|GeneMark.hmm|651_nt|+|1036393|1037043	651	416.857	1	39.8604
gene_816|GeneMark.hmm|672_nt|+|1037250|1037921	672	435.87	23	876.798
gene_817|GeneMark.hmm|747_nt|+|1038024|1038770	747	505.542	14	460.15
gene_818|GeneMark.hmm|540_nt|+|1038838|1039377	540	318.9	1	52.1044
gene_819|GeneMark.hmm|507_nt|+|1039455|1039961	507	292.962	9	510.458
gene_820|GeneMark.hmm|1107_nt|+|1040008|1041114	1107	862.501	91	1753.12
gene_821|GeneMark.hmm|1674_nt|+|1041585|1043258	1674	1429.5	3	34.8711
gene_822|GeneMark.hmm|912_nt|+|1043370|1044281	912	667.568	0	0
gene_823|GeneMark.hmm|1188_nt|-|1044299|1045486	1188	943.501	3	52.8333
gene_824|GeneMark.hmm|339_nt|+|1045830|1046168	339	161.702	13	1335.85
gene_825|GeneMark.hmm|453_nt|+|1046311|1046763	453	249.985	0	0
gene_826|GeneMark.hmm|510_nt|-|1046760|1047269	510	294.795	1	56.3649
gene_827|GeneMark.hmm|918_nt|-|1047524|1048441	918	673.568	1	24.6687
gene_828|GeneMark.hmm|1719_nt|-|1048525|1050243	1719	1474.5	13	146.496
gene_829|GeneMark.hmm|822_nt|-|1050262|1051083	822	578.426	0	0
gene_830|GeneMark.hmm|756_nt|+|1051177|1051932	756	513.985	0	0
gene_831|GeneMark.hmm|522_nt|-|1052051|1052572	522	304.59	47	2563.96
gene_832|GeneMark.hmm|1065_nt|+|1052888|1053952	1065	820.501	2	40.5023
gene_833|GeneMark.hmm|549_nt|-|1054172|1054720	549	326.374	0	0
gene_834|GeneMark.hmm|327_nt|+|1054799|1055125	327	152.691	1	108.822
gene_835|GeneMark.hmm|939_nt|-|1055142|1056080	939	694.501	0	0
gene_836|GeneMark.hmm|1392_nt|+|1056178|1057569	1392	1147.5	33	477.848
gene_837|GeneMark.hmm|417_nt|-|1057605|1058021	417	222.727	1	74.603
gene_838|GeneMark.hmm|552_nt|+|1058329|1058880	552	328.929	5	252.579
gene_839|GeneMark.hmm|342_nt|-|1059211|1059552	342	164.125	4	404.962
gene_840|GeneMark.hmm|615_nt|-|1060114|1060728	615	384.096	14	605.644
gene_841|GeneMark.hmm|729_nt|-|1061121|1061849	729	488.329	0	0
gene_842|GeneMark.hmm|825_nt|-|1061922|1062746	825	581.369	1	28.581
gene_843|GeneMark.hmm|1092_nt|-|1062805|1063896	1092	847.501	63	1235.18
gene_844|GeneMark.hmm|816_nt|-|1063960|1064775	816	572.483	0	0
gene_845|GeneMark.hmm|657_nt|-|1064840|1065496	657	422.602	0	0
gene_846|GeneMark.hmm|1782_nt|-|1065595|1067376	1782	1537.5	7	75.6504
gene_847|GeneMark.hmm|1848_nt|+|1067569|1069416	1848	1603.5	149	1543.99
gene_848|GeneMark.hmm|474_nt|-|1069389|1069862	474	266.213	4	249.666
gene_849|GeneMark.hmm|1230_nt|+|1070587|1071816	1230	985.501	4	67.4422
gene_850|GeneMark.hmm|321_nt|-|1072488|1072808	321	148.121	3	336.538
gene_851|GeneMark.hmm|567_nt|+|1072902|1073468	567	341.832	0	0
gene_852|GeneMark.hmm|492_nt|-|1073515|1074006	492	281.307	5	295.338
gene_853|GeneMark.hmm|360_nt|-|1074444|1074803	360	178.022	2	186.675
gene_854|GeneMark.hmm|720_nt|+|1074922|1075641	720	480.053	10	346.13
gene_855|GeneMark.hmm|405_nt|-|1075707|1076111	405	213.088	6	467.865
gene_856|GeneMark.hmm|522_nt|+|1076307|1076828	522	304.59	4	218.209
gene_857|GeneMark.hmm|744_nt|+|1076889|1077632	744	502.542	4	132.256
gene_858|GeneMark.hmm|3675_nt|+|1077715|1081389	3675	3430.5	20	96.8726
gene_859|GeneMark.hmm|678_nt|+|1081464|1082141	678	441.339	25	941.231
gene_860|GeneMark.hmm|663_nt|+|1082237|1082899	663	427.614	1	38.8577
gene_861|GeneMark.hmm|909_nt|-|1082917|1083825	909	664.568	6	150.017
gene_862|GeneMark.hmm|594_nt|-|1084358|1084951	594	365.116	8	364.073
gene_863|GeneMark.hmm|1512_nt|+|1085063|1086574	1512	1267.5	1	13.1093
gene_864|GeneMark.hmm|462_nt|+|1086628|1087089	462	256.865	0	0
gene_865|GeneMark.hmm|1704_nt|+|1087206|1088909	1704	1459.5	3	34.1543
gene_866|GeneMark.hmm|1386_nt|-|1089587|1090972	1386	1141.5	3	43.669
gene_867|GeneMark.hmm|1065_nt|+|1091186|1092250	1065	820.501	1	20.2511
gene_868|GeneMark.hmm|1503_nt|+|1092320|1093822	1503	1258.5	9	118.828
gene_869|GeneMark.hmm|537_nt|-|1094168|1094704	537	316.634	1	52.4772
gene_870|GeneMark.hmm|318_nt|+|1094852|1095169	318	145.543	137	15640.7
gene_871|GeneMark.hmm|825_nt|+|1095488|1096312	825	581.369	3	85.7429
gene_872|GeneMark.hmm|1254_nt|+|1096380|1097633	1254	1009.5	3	49.3791
gene_873|GeneMark.hmm|768_nt|+|1097734|1098501	768	525.624	10	316.121
gene_874|GeneMark.hmm|1728_nt|+|1098754|1100481	1728	1483.5	1	11.2006
gene_875|GeneMark.hmm|450_nt|+|1100595|1101044	450	247.515	1	67.1315
gene_876|GeneMark.hmm|2352_nt|-|1101300|1103651	2352	2107.5	15	118.264
gene_877|GeneMark.hmm|771_nt|-|1103753|1104523	771	528.519	1	31.439
gene_878|GeneMark.hmm|1368_nt|-|1104697|1106064	1368	1123.5	1	14.7896
gene_879|GeneMark.hmm|462_nt|-|1106108|1106569	462	256.865	1	64.6879
gene_880|GeneMark.hmm|510_nt|-|1106616|1107125	510	294.795	11	620.013
gene_881|GeneMark.hmm|513_nt|-|1107318|1107830	513	297.099	0	0
gene_882|GeneMark.hmm|1938_nt|-|1108336|1110273	1938	1693.5	30	294.35
gene_883|GeneMark.hmm|1410_nt|-|1110376|1111785	1410	1165.5	39	556.007
gene_884|GeneMark.hmm|1638_nt|-|1111937|1113574	1638	1393.5	2	23.848
gene_885|GeneMark.hmm|474_nt|+|1113652|1114125	474	266.213	9	561.75
gene_886|GeneMark.hmm|1551_nt|+|1114193|1115743	1551	1306.5	8	101.744
gene_887|GeneMark.hmm|525_nt|+|1115838|1116362	525	306.941	3	162.403
gene_888|GeneMark.hmm|594_nt|+|1116485|1117078	594	365.116	0	0
gene_889|GeneMark.hmm|768_nt|+|1117130|1117897	768	525.624	0	0
gene_890|GeneMark.hmm|354_nt|-|1118731|1119084	354	173.793	13	1242.91
gene_891|GeneMark.hmm|315_nt|-|1119820|1120134	315	143.15	4	464.298
gene_892|GeneMark.hmm|2928_nt|-|1120243|1123170	2928	2683.5	25	154.799
gene_893|GeneMark.hmm|1809_nt|-|1123293|1125101	1809	1564.5	30	318.621
gene_894|GeneMark.hmm|327_nt|+|1125432|1125758	327	152.691	10	1088.22
gene_895|GeneMark.hmm|447_nt|-|1125957|1126403	447	245.372	2	135.436
gene_896|GeneMark.hmm|669_nt|+|1126492|1127160	669	433.352	2	76.6863
gene_897|GeneMark.hmm|1629_nt|-|1127390|1129018	1629	1384.5	1	12.0015
gene_898|GeneMark.hmm|381_nt|-|1129725|1130105	381	194.068	6	513.72
gene_899|GeneMark.hmm|366_nt|+|1130161|1130526	366	182.777	0	0
gene_900|GeneMark.hmm|702_nt|+|1130617|1131318	702	462.477	8	287.428
gene_901|GeneMark.hmm|438_nt|+|1131399|1131836	438	238.287	38	2649.8
gene_902|GeneMark.hmm|6252_nt|+|1132050|1138301	6252	6007.5	140	387.225
gene_903|GeneMark.hmm|483_nt|+|1138401|1138883	483	273.877	0	0
gene_904|GeneMark.hmm|2037_nt|-|1139154|1141190	2037	1792.5	42	389.331
gene_905|GeneMark.hmm|915_nt|+|1141391|1142305	915	670.568	10	247.791
gene_906|GeneMark.hmm|8427_nt|-|1142409|1150835	8427	8182.5	189	383.8
gene_907|GeneMark.hmm|642_nt|+|1151032|1151673	642	408.82	0	0
gene_908|GeneMark.hmm|984_nt|+|1151726|1152709	984	739.501	14	314.57
gene_909|GeneMark.hmm|402_nt|+|1152776|1153177	402	210.512	15	1183.98
gene_910|GeneMark.hmm|861_nt|+|1153314|1154174	861	616.951	3	80.7977
gene_911|GeneMark.hmm|1761_nt|-|1154185|1155945	1761	1516.5	10	109.569
gene_912|GeneMark.hmm|585_nt|+|1156154|1156738	585	357.046	0	0
gene_913|GeneMark.hmm|939_nt|-|1156741|1157679	939	694.501	3	71.7756
gene_914|GeneMark.hmm|822_nt|+|1157731|1158552	822	578.426	5	143.632
gene_915|GeneMark.hmm|1029_nt|-|1159094|1160122	1029	784.501	0	0
gene_916|GeneMark.hmm|1197_nt|+|1160393|1161589	1197	952.501	25	436.117
gene_917|GeneMark.hmm|1374_nt|+|1161682|1163055	1374	1129.5	2	29.422
gene_918|GeneMark.hmm|945_nt|-|1163316|1164260	945	700.501	83	1968.78
gene_919|GeneMark.hmm|633_nt|-|1164354|1164986	633	401.057	416	17235.2
gene_920|GeneMark.hmm|423_nt|+|1165920|1166342	423	226.91	0	0
gene_921|GeneMark.hmm|1275_nt|-|1166479|1167753	1275	1030.5	6	96.7457
gene_922|GeneMark.hmm|765_nt|-|1167834|1168598	765	522.78	7	222.489
gene_923|GeneMark.hmm|885_nt|+|1168745|1169629	885	640.825	2	51.8584
gene_924|GeneMark.hmm|1632_nt|-|1169661|1171292	1632	1387.5	2	23.9511
gene_925|GeneMark.hmm|612_nt|+|1171544|1172155	612	381.213	532	23188.5
gene_926|GeneMark.hmm|2712_nt|+|1172459|1175170	2712	2467.5	2	13.4679
gene_927|GeneMark.hmm|978_nt|-|1175182|1176159	978	733.501	0	0
gene_928|GeneMark.hmm|783_nt|-|1176389|1177171	783	540.145	1	30.7623
gene_929|GeneMark.hmm|609_nt|+|1177419|1178027	609	378.561	1	43.8927
gene_930|GeneMark.hmm|996_nt|+|1178135|1179130	996	751.501	8	176.884
gene_931|GeneMark.hmm|720_nt|+|1179201|1179920	720	480.053	0	0
gene_932|GeneMark.hmm|801_nt|-|1179928|1180728	801	557.875	18	536.123
gene_933|GeneMark.hmm|456_nt|+|1181141|1181596	456	252.368	8	526.726
gene_934|GeneMark.hmm|786_nt|-|1181721|1182506	786	543.037	68	2080.69
gene_935|GeneMark.hmm|891_nt|+|1182626|1183516	891	646.762	5	128.456
gene_936|GeneMark.hmm|1149_nt|-|1183636|1184784	1149	904.501	0	0
gene_937|GeneMark.hmm|1572_nt|+|1184914|1186485	1572	1327.5	11	137.685
gene_938|GeneMark.hmm|1875_nt|+|1186657|1188531	1875	1630.5	13	132.48
gene_939|GeneMark.hmm|309_nt|-|1188542|1188850	309	139.13	1	119.428
gene_940|GeneMark.hmm|402_nt|-|1189094|1189495	402	210.512	21	1657.57
gene_941|GeneMark.hmm|783_nt|-|1189592|1190374	783	540.145	44	1353.54
gene_942|GeneMark.hmm|1746_nt|+|1190472|1192217	1746	1501.5	5	55.3316
gene_943|GeneMark.hmm|924_nt|+|1192569|1193492	924	679.501	0	0
gene_944|GeneMark.hmm|459_nt|-|1193590|1194048	459	254.604	6	391.574
gene_945|GeneMark.hmm|576_nt|-|1194111|1194686	576	349.469	0	0
gene_946|GeneMark.hmm|1293_nt|+|1194795|1196087	1293	1048.5	5	79.2373
gene_947|GeneMark.hmm|1026_nt|-|1196267|1197292	1026	781.501	4	85.047
gene_948|GeneMark.hmm|1527_nt|-|1197394|1198920	1527	1282.5	54	699.624
gene_949|GeneMark.hmm|534_nt|+|1199388|1199921	534	314.099	74	3914.66
gene_950|GeneMark.hmm|639_nt|-|1199976|1200614	639	406.276	15	613.478
gene_951|GeneMark.hmm|1248_nt|+|1200929|1202176	1248	1003.5	9	149.023
gene_952|GeneMark.hmm|1551_nt|-|1202159|1203709	1551	1306.5	11	139.898
gene_953|GeneMark.hmm|807_nt|-|1203738|1204544	807	563.653	13	383.231
gene_954|GeneMark.hmm|666_nt|-|1204576|1205241	666	430.57	1	38.5909
gene_955|GeneMark.hmm|690_nt|-|1205317|1206006	690	451.988	0	0
gene_956|GeneMark.hmm|636_nt|+|1206154|1206789	636	403.852	0	0
gene_957|GeneMark.hmm|411_nt|+|1206929|1207339	411	217.955	1	76.2362
gene_958|GeneMark.hmm|600_nt|-|1207537|1208136	600	370.25	0	0
gene_959|GeneMark.hmm|5304_nt|-|1208186|1213489	5304	5059.5	48.0925	157.942
gene_960|GeneMark.hmm|2349_nt|-|1213526|1215874	2349	2104.5	1	7.8955
gene_961|GeneMark.hmm|429_nt|-|1215961|1216389	429	231.67	24	1721.36
gene_962|GeneMark.hmm|354_nt|+|1216501|1216854	354	173.793	2	191.217
gene_963|GeneMark.hmm|2358_nt|+|1216910|1219267	2358	2113.5	431	3388.47
gene_964|GeneMark.hmm|966_nt|+|1219332|1220297	966	721.501	3	69.0896
gene_965|GeneMark.hmm|1455_nt|+|1220389|1221843	1455	1210.5	0	0
gene_966|GeneMark.hmm|576_nt|-|1221849|1222424	576	349.469	0	0
gene_967|GeneMark.hmm|660_nt|+|1222586|1223245	660	425.044	0	0
gene_968|GeneMark.hmm|1266_nt|-|1223575|1224840	1266	1021.5	10	162.663
gene_969|GeneMark.hmm|699_nt|+|1224989|1225687	699	459.939	1	36.1267
gene_970|GeneMark.hmm|1407_nt|+|1225759|1227165	1407	1162.5	5	71.467
gene_971|GeneMark.hmm|1059_nt|+|1227190|1228248	1059	814.501	6	122.402
gene_972|GeneMark.hmm|900_nt|+|1228357|1229256	900	655.568	5	126.73
gene_973|GeneMark.hmm|1080_nt|+|1230196|1231275	1080	835.501	0	0
gene_974|GeneMark.hmm|702_nt|+|1231344|1232045	702	462.477	0	0
gene_975|GeneMark.hmm|1047_nt|-|1232102|1233148	1047	802.501	1	20.7054
gene_976|GeneMark.hmm|1239_nt|-|1234005|1235243	1239	994.501	12	200.496
gene_977|GeneMark.hmm|378_nt|+|1236071|1236448	378	191.858	13	1125.88
gene_978|GeneMark.hmm|657_nt|-|1236601|1237257	657	422.602	28	1100.92
gene_979|GeneMark.hmm|588_nt|-|1237330|1237917	588	360.009	12	553.856
gene_980|GeneMark.hmm|1275_nt|-|1238042|1239316	1275	1030.5	1	16.1243
gene_981|GeneMark.hmm|792_nt|-|1239376|1240167	792	548.875	12	363.276
gene_982|GeneMark.hmm|792_nt|-|1240220|1241011	792	548.875	30	908.19
gene_983|GeneMark.hmm|1632_nt|+|1241248|1242879	1632	1387.5	6	71.8533
gene_984|GeneMark.hmm|1329_nt|-|1242889|1244217	1329	1084.5	0	0
gene_985|GeneMark.hmm|921_nt|-|1244351|1245271	921	676.568	4	98.2374
gene_986|GeneMark.hmm|375_nt|-|1245451|1245825	375	189.734	0	0
gene_987|GeneMark.hmm|525_nt|+|1248026|1248550	525	306.941	0	0
gene_988|GeneMark.hmm|864_nt|+|1248633|1249496	864	619.951	0	0
gene_989|GeneMark.hmm|954_nt|+|1249728|1250681	954	709.501	4	93.6776
gene_990|GeneMark.hmm|1698_nt|-|1250759|1252456	1698	1453.5	12	137.181
gene_991|GeneMark.hmm|948_nt|+|1252540|1253487	948	703.501	23	543.24
gene_992|GeneMark.hmm|681_nt|+|1253890|1254570	681	444.25	13	486.233
gene_993|GeneMark.hmm|1071_nt|+|1254691|1255761	1071	826.501	85	1708.85
gene_994|GeneMark.hmm|1434_nt|+|1255840|1257273	1434	1189.5	18	251.441
gene_995|GeneMark.hmm|2040_nt|+|1257355|1259394	2040	1795.5	45	416.443
gene_996|GeneMark.hmm|555_nt|+|1259468|1260022	555	331.585	1	50.1112
gene_997|GeneMark.hmm|435_nt|+|1260103|1260537	435	235.933	0	0
gene_998|GeneMark.hmm|1113_nt|+|1260608|1261720	1113	868.501	6	114.791
gene_999|GeneMark.hmm|714_nt|-|1262036|1262749	714	474.148	0	0
gene_1000|GeneMark.hmm|897_nt|+|1263478|1264374	897	652.568	13	331.014
gene_1001|GeneMark.hmm|576_nt|-|1264408|1264983	576	349.469	2	95.0932
gene_1002|GeneMark.hmm|309_nt|+|1265102|1265410	309	139.13	0	0
gene_1003|GeneMark.hmm|813_nt|+|1265457|1266269	813	569.597	1	29.1717
gene_1004|GeneMark.hmm|426_nt|-|1267035|1267460	426	229.411	8	579.435
gene_1005|GeneMark.hmm|495_nt|-|1267724|1268218	495	283.449	0	0
gene_1006|GeneMark.hmm|1986_nt|-|1268275|1270260	1986	1741.5	1	9.54124
gene_1007|GeneMark.hmm|1113_nt|+|1270598|1271710	1113	868.501	2	38.2638
gene_1008|GeneMark.hmm|1494_nt|+|1271821|1273314	1494	1249.5	4	53.1927
gene_1009|GeneMark.hmm|735_nt|+|1273391|1274125	735	493.888	1	33.6434
gene_1010|GeneMark.hmm|1224_nt|+|1274173|1275396	1224	979.501	3	50.8915
gene_1011|GeneMark.hmm|942_nt|-|1275416|1276357	942	697.501	1	23.8223
gene_1012|GeneMark.hmm|1545_nt|+|1276429|1277973	1545	1300.5	16	204.427
gene_1013|GeneMark.hmm|636_nt|+|1278098|1278733	636	403.852	7	288.008
gene_1014|GeneMark.hmm|978_nt|-|1279050|1280027	978	733.501	0	0
gene_1015|GeneMark.hmm|1758_nt|-|1280234|1281991	1758	1513.5	7	76.85
gene_1016|GeneMark.hmm|1269_nt|+|1282136|1283404	1269	1024.5	3	48.6561
gene_1017|GeneMark.hmm|1182_nt|+|1283520|1284701	1182	937.501	11	194.962
gene_1018|GeneMark.hmm|1236_nt|-|1284715|1285950	1236	991.501	11	184.344
gene_1019|GeneMark.hmm|873_nt|-|1286243|1287115	873	628.951	4	105.675
gene_1020|GeneMark.hmm|855_nt|-|1287626|1288480	855	611.072	2	54.3834
gene_1021|GeneMark.hmm|555_nt|-|1289017|1289571	555	331.585	30.9075	1548.81
gene_1022|GeneMark.hmm|414_nt|-|1289710|1290123	414	220.216	19	1433.62
gene_1023|GeneMark.hmm|333_nt|+|1292402|1292734	333	157.33	0	0
gene_1024|GeneMark.hmm|699_nt|+|1295541|1296239	699	459.939	0	0
gene_1025|GeneMark.hmm|1938_nt|-|1298187|1300124	1938	1693.5	62	608.324
gene_1026|GeneMark.hmm|744_nt|+|1300301|1301044	744	502.542	6	198.384
gene_1027|GeneMark.hmm|4485_nt|-|1301432|1305916	4485	4240.5	277	1085.4
gene_1028|GeneMark.hmm|1461_nt|+|1306051|1307511	1461	1216.5	4	54.6357
gene_1029|GeneMark.hmm|723_nt|+|1307596|1308318	723	482.621	0	0
gene_1030|GeneMark.hmm|1287_nt|+|1308407|1309693	1287	1042.5	0	0
gene_1031|GeneMark.hmm|633_nt|+|1309781|1310413	633	401.057	0	0
gene_1032|GeneMark.hmm|489_nt|-|1310423|1310911	489	278.672	1	59.6259
gene_1033|GeneMark.hmm|429_nt|-|1311023|1311451	429	231.67	3	215.17
gene_1034|GeneMark.hmm|519_nt|-|1311565|1312083	519	302.3	14	769.517
gene_1035|GeneMark.hmm|324_nt|-|1312308|1312631	324	150.615	0	0
gene_1036|GeneMark.hmm|528_nt|+|1312764|1313291	528	309.549	3	161.035
gene_1037|GeneMark.hmm|696_nt|-|1314153|1314848	696	457.169	2	72.6913
gene_1038|GeneMark.hmm|1080_nt|-|1314944|1316023	1080	835.501	28	556.852
gene_1039|GeneMark.hmm|1236_nt|+|1316151|1317386	1236	991.501	0	0
gene_1040|GeneMark.hmm|1686_nt|-|1317489|1319174	1686	1441.5	0	0
gene_1041|GeneMark.hmm|408_nt|+|1319999|1320406	408	215.411	0	0
gene_1042|GeneMark.hmm|729_nt|+|1320445|1321173	729	488.329	6	204.158
gene_1043|GeneMark.hmm|687_nt|+|1321291|1321977	687	449.35	3	110.934
gene_1044|GeneMark.hmm|3168_nt|-|1322119|1325286	3168	2923.5	90	511.526
gene_1045|GeneMark.hmm|510_nt|+|1325177|1325686	510	294.795	1	56.3649
gene_1046|GeneMark.hmm|1959_nt|+|1325867|1327825	1959	1714.5	28	271.362
gene_1047|GeneMark.hmm|378_nt|-|1327843|1328220	378	191.858	1	86.606
gene_1048|GeneMark.hmm|369_nt|-|1328301|1328669	369	185.214	4	358.851
gene_1049|GeneMark.hmm|885_nt|+|1328907|1329791	885	640.825	0	0
gene_1050|GeneMark.hmm|375_nt|-|1329797|1330171	375	189.734	0	0
gene_1051|GeneMark.hmm|450_nt|+|1330357|1330806	450	247.515	2	134.263
gene_1052|GeneMark.hmm|369_nt|+|1330988|1331356	369	185.214	1	89.7127
gene_1053|GeneMark.hmm|783_nt|+|1331392|1332174	783	540.145	6	184.574
gene_1054|GeneMark.hmm|2016_nt|+|1332256|1334271	2016	1771.5	10	93.7966
gene_1055|GeneMark.hmm|1500_nt|-|1334350|1335849	1500	1255.5	0	0
gene_1056|GeneMark.hmm|447_nt|-|1335928|1336374	447	245.372	32	2166.97
gene_1057|GeneMark.hmm|333_nt|-|1336456|1336788	333	157.33	0	0
gene_1058|GeneMark.hmm|537_nt|+|1336881|1337417	537	316.634	0	0
gene_1059|GeneMark.hmm|558_nt|+|1337473|1338030	558	334.168	0	0
gene_1060|GeneMark.hmm|1344_nt|-|1338083|1339426	1344	1099.5	0	0
gene_1061|GeneMark.hmm|783_nt|-|1340203|1340985	783	540.145	5	153.811
gene_1062|GeneMark.hmm|336_nt|-|1341041|1341376	336	159.58	0	0
gene_1063|GeneMark.hmm|546_nt|+|1341453|1341998	546	324.191	1	51.254
gene_1064|GeneMark.hmm|309_nt|+|1342079|1342387	309	139.13	1	119.428
gene_1065|GeneMark.hmm|1692_nt|-|1342628|1344319	1692	1447.5	19	218.104
gene_1066|GeneMark.hmm|492_nt|+|1344932|1345423	492	281.307	0	0
gene_1067|GeneMark.hmm|1455_nt|-|1345440|1346894	1455	1210.5	5	68.6331
gene_1068|GeneMark.hmm|1575_nt|-|1346995|1348569	1575	1330.5	9	112.397
gene_1069|GeneMark.hmm|381_nt|-|1349357|1349737	381	194.068	5	428.1
gene_1070|GeneMark.hmm|714_nt|-|1350221|1350934	714	474.148	0	0
gene_1071|GeneMark.hmm|501_nt|-|1350994|1351494	501	288.399	5	288.074
gene_1072|GeneMark.hmm|672_nt|+|1351589|1352260	672	435.87	4	152.487
gene_1073|GeneMark.hmm|954_nt|-|1352261|1353214	954	709.501	7	163.936
gene_1074|GeneMark.hmm|882_nt|+|1353377|1354258	882	637.825	2	52.1023
gene_1075|GeneMark.hmm|495_nt|+|1354539|1355033	495	283.449	1	58.6211
gene_1076|GeneMark.hmm|450_nt|+|1355356|1355805	450	247.515	1	67.1315
gene_1077|GeneMark.hmm|912_nt|-|1356169|1357080	912	667.568	0	0
gene_1078|GeneMark.hmm|993_nt|+|1357221|1358213	993	748.501	9	199.792
gene_1079|GeneMark.hmm|399_nt|-|1358757|1359155	399	208.524	4719	376031
gene_1080|GeneMark.hmm|393_nt|+|1359244|1359636	393	203.644	1	81.5936
gene_1081|GeneMark.hmm|843_nt|-|1359657|1360499	843	599.192	0	0
gene_1082|GeneMark.hmm|531_nt|+|1360612|1361142	531	311.76	378	20146.5
gene_1083|GeneMark.hmm|555_nt|+|1361291|1361845	555	331.585	50	2505.56
gene_1084|GeneMark.hmm|1278_nt|+|1361946|1363223	1278	1033.5	0	0
gene_1085|GeneMark.hmm|2958_nt|+|1363186|1366143	2958	2713.5	20	122.47
gene_1086|GeneMark.hmm|4296_nt|-|1366365|1370660	4296	4051.5	30	123.037
gene_1087|GeneMark.hmm|582_nt|-|1371192|1371773	582	354.633	24	1124.5
gene_1088|GeneMark.hmm|1095_nt|+|1371836|1372930	1095	850.501	1	19.5368
gene_1089|GeneMark.hmm|489_nt|-|1372923|1373411	489	278.672	0	0
gene_1090|GeneMark.hmm|864_nt|-|1373508|1374371	864	619.951	2	53.6045
gene_1091|GeneMark.hmm|1257_nt|+|1375226|1376482	1257	1012.5	25	410.273
gene_1092|GeneMark.hmm|483_nt|-|1376580|1377062	483	273.877	10	606.699
gene_1093|GeneMark.hmm|885_nt|-|1377143|1378027	885	640.825	1	25.9292
gene_1094|GeneMark.hmm|1308_nt|+|1378225|1379532	1308	1063.5	1	15.6239
gene_1095|GeneMark.hmm|579_nt|+|1379575|1380153	579	352.107	2	94.3809
gene_1096|GeneMark.hmm|1869_nt|-|1380181|1382049	1869	1624.5	34	347.766
gene_1097|GeneMark.hmm|2946_nt|+|1382162|1385107	2946	2701.5	60	369.041
gene_1098|GeneMark.hmm|651_nt|-|1385136|1385786	651	416.857	1	39.8604
gene_1099|GeneMark.hmm|348_nt|-|1385856|1386203	348	168.91	3	295.118
gene_1100|GeneMark.hmm|333_nt|-|1386222|1386554	333	157.33	1	105.613
gene_1101|GeneMark.hmm|672_nt|+|1387320|1387991	672	435.87	4	152.487
gene_1102|GeneMark.hmm|2664_nt|+|1390325|1392988	2664	2419.5	9	61.8081
gene_1103|GeneMark.hmm|552_nt|+|1395114|1395665	552	328.929	6	303.095
gene_1104|GeneMark.hmm|417_nt|-|1395917|1396333	417	222.727	2	149.206
gene_1105|GeneMark.hmm|960_nt|-|1396409|1397368	960	715.501	6	139.338
gene_1106|GeneMark.hmm|756_nt|-|1397830|1398585	756	513.985	2	64.6559
gene_1107|GeneMark.hmm|1962_nt|-|1398807|1400768	1962	1717.5	10	96.7457
gene_1108|GeneMark.hmm|3405_nt|+|1400869|1404273	3405	3160.5	8	42.0594
gene_1109|GeneMark.hmm|348_nt|-|1404255|1404602	348	168.91	1	98.3726
gene_1110|GeneMark.hmm|1029_nt|-|1404641|1405669	1029	784.501	0	0
gene_1111|GeneMark.hmm|879_nt|-|1405706|1406584	879	634.825	1	26.1743
gene_1112|GeneMark.hmm|318_nt|+|1406810|1407127	318	145.543	0	0
gene_1113|GeneMark.hmm|1206_nt|-|1407157|1408362	1206	961.501	0	0
gene_1114|GeneMark.hmm|702_nt|-|1408889|1409590	702	462.477	54	1940.14
gene_1115|GeneMark.hmm|729_nt|-|1409633|1410361	729	488.329	25	850.66
gene_1116|GeneMark.hmm|828_nt|-|1410420|1411247	828	584.369	1	28.4342
gene_1117|GeneMark.hmm|705_nt|+|1411689|1412393	705	465.477	0	0
gene_1118|GeneMark.hmm|525_nt|-|1412575|1413099	525	306.941	2	108.269
gene_1119|GeneMark.hmm|1587_nt|-|1413830|1415416	1587	1342.5	1	12.377
gene_1120|GeneMark.hmm|741_nt|+|1416573|1417313	741	499.542	7	232.839
gene_1121|GeneMark.hmm|1029_nt|+|1419368|1420396	1029	784.501	0	0
